SMILES,QED,MW,LogP,HBD,HBA
CCC1(CC2CCC3C4C2C34)C(C)C2C3CCNC3NCN21,0.8371,301.48,2.244,2,3
CCC1CCC(C2C3C4CCC5C3CCN5N2N4)CC1,0.8358,275.44,2.789,1,3
CCCC(O)N1CCC2C(CCCC3C2CCC2CCCCN23)C1C,0.8259,348.58,4.249,1,3
C.CC.CCC1CNC(C)CC1CC1C(C)CC2CCNCN21,0.8181,325.59,4.093,2,3
CCCC(O)N1CC23CC4CCC5CCCC5N2N4C32CC2CC1O,0.8166,347.5,1.894,2,5
COC1CCC2NC(C34CC3CC3C(C)CCCCC34)CC2C1,0.8156,317.52,4.385,1,2
CC1CC1(C)NN1CCCC2C3CNN4CCCCC4CCC3C21,0.814,332.54,2.769,2,4
CC(N)C1C2C3CC4CC4C2N(C(C)CC2OC2(C)C)C31,0.8075,290.45,2.244,1,3
COC1CCC(C2CNC3NCC(C4CCCC5CC54)CC32)CC1OC,0.8067,362.56,3.024,2,4
CC1C(F)CCCC1C1CCCC2NC(CC3OC34CC4F)CN2C1,0.7872,354.49,3.43,1,3
CCCC1(O)CC2CC3C4CCC(CCC5CC6CC56)CNCC31C24,0.783,343.56,4.226,2,2
CCCCNC1C(C)C2OC(N)C2C2C3CC(C)CCC3CC12,0.7807,320.52,3.383,2,3
CC1CC1CCCC12CC3C4CC5C6C7CCN5NNN7CC36C4C1CC2C,0.7799,382.6,3.424,2,4
C.CC1CCCCC1C1C(O)NC23CCC4CC2N4CC13,0.7796,292.47,2.592,2,3
CCCC(O)N1C2CC3C(CC4C5CCCC5CCC4N4CCCC34)C21,0.7762,358.57,3.857,1,3
CCCC(N)C1C(CC)CCC2C3C4CCCCCC4C213,0.7747,289.51,4.993,1,1
C.CC1CCCC(C2SC(NC3CCCCC3)C23OC3N)C1,0.7732,326.55,3.866,2,4
C1CCC2C(C1)CC2CC1CCC2C(CCCN3NN4CNCCC4C23)C1,0.7727,372.6,3.754,2,4
C.CC1CCC2C1C21CCC2NC(C3C4C5CC5C34O)SC2C1,0.7702,333.54,3.495,2,3
C.CCCC1(O)C2CCC(C)C3C(C21)C1C2C4CC5C6CC7CC7C6N5C2C431,0.7653,381.6,4.419,1,2
C.CCC1CC12CCC1C3CC(CC45C6CN7CNN4C4NC47C65)CC132,0.7645,354.54,2.582,2,4
C.CCC(O)N1CCC(C2CCC(C3CC3)C3C2CC24C5CNCN2C5C34)CC1,0.7576,401.64,3.365,2,4
CC(CCC1CCC2C3C1C(C)NN23)C1CC2CCCCC2C2OC2N1,0.7559,359.56,3.282,2,4
CC1CNCC(NC2CCC3C4CC5(CCCC6CC64)CC3C5CC2)C1,0.7557,356.6,4.595,2,2
C.CCCC1CC1(CC)CC1CCC2C(C1)C1CN3C4NCN5NN3C2C5C14,0.7555,387.62,3.413,2,5
CCC(O)N1CCC(CCC2CC3C(CN4CC4C2)C2NC32)C1,0.7541,319.49,1.497,2,4
CC1CC1CC1CCCCC1C1CCCCC1CCN,0.7521,277.5,4.994,1,1
CC.CCC1ON1CCC1CC2CC3C4CCCCC4C34C1C21OC(N)C14,0.7513,374.57,4.148,1,4
CC1CCCC(NC2CCC3C4CCC5C6C7CCNC7CCN6C5C4N3C2)C1,0.7488,398.64,2.831,2,4
C.CCC(C)C1ON1CCC1C2CCC3CC3C2CC23NC2OC13N,0.7467,349.52,2.668,2,5
CCCC(O)NC12CC3C4CC5CCC6CCCCC6C5CC35C1C425,0.7462,341.54,4.326,2,2
CCCC(CC1CCC2C(CCN3C4CC5C2N3CN5CN4)C1)CC1CC1C,0.7419,386.63,4.095,1,4
CCC1CC2C(C1)C2C1CC2CN2C2NC3C4CC(C5CCCCC5)C3C412,0.7397,366.59,4.503,1,2
CCC1CC2C(CC3CC4CC5C(CN6CCCCC56)C5NC5C4C3)CC12,0.7396,368.61,4.546,1,2
CCCC(O)N(C)C1C2C3CC4C2C2(CC5C6CCC5C6NN32)C41.O,0.7393,347.5,0.832,2,4
CC(C)CC1NC(C)C(C2C(C)C3C2CC2CC24CCCNCC34)N1,0.735,345.58,3.216,3,3
CC1CC1CCC1CCC2C3C4CC5CC54C3C12C1CC2C3CCNC32C1,0.7318,363.59,5.109,1,1
CC1CC2C(C)C2C2CCC(CCC3CC4CCNCC5CNCC4C5C3)C12,0.73,384.65,4.802,2,2
CC1C2CCC3(CC(C4CC5CCCCCC54)CN3)C(C)C12,0.7288,301.52,4.863,1,1
CCC1CNCCC12CC1C3(CCCCC3)C13C1C3N1CN2,0.728,301.48,2.329,2,3
C.CC.CCCC1C2C(N)C(CC(C)Cl)N1C1C3CCCCNC3C21,0.7262,372.04,4.233,2,3
CN1CC2C3CC4CCCCC5C(C6C7C8C(C9CCCCC9)N8N67)CC45C32N1,0.7257,394.61,3.252,1,4
CCC1NC(C2CCCC(C3CC4CNNC4C4C5CC5CCC34)C2)O1,0.7238,359.56,3.25,3,4
C.C.CCCCC1CCC2C3CCCCC3CN2N1C,0.7225,282.52,4.949,0,2
CC(C)C1NC(C2CCCCCCCC2)C2C1N1C3NC21N3.Cl,0.7223,340.94,2.599,3,4
CC(NC1CCCC(C2CNN(C)C2)C1)N1CC2C3C4CC(F)CC(C21)C1C4C12CC32,0.7204,428.64,3.107,2,4
CCC(O)N1CCC2C34CC5C6CN6CN6N(C7CC576)C3C214,0.719,300.41,-0.123,1,5
CC1(C)C2CC3C4C3C4C3CNCC2CC31C1OC1C1CNC2CCCCN21,0.7181,383.58,2.301,2,4
C.CC1CC12OC2C1C2CC(C34NN5N6CNC7C3CCC7C654)CCC23CC13,0.7177,382.55,2.307,2,5
OC1CCCC2CC3C4C12C3(O)C41CC2C3CCC2N1CC3,0.7166,301.43,1.771,2,3
C.CC1C2C(NC3CCCNCN4C(CCC5C6CCC7CC76C54)C3)CCN12,0.7143,386.63,3.036,2,4
C.CC1CC2CCCC(CC(NC3CCCCCC3C)C1)N2,0.7104,308.55,4.88,2,2
CCC1ON1C1CCCC(C2CC(C3CNCC(C)C3)CC3NCCCC32)C1,0.7081,389.63,4.169,2,4
CC1NC(CN2CCCC3C4CCCCCCCCCC4C3C2)NC1CN,0.7072,376.63,3.32,3,4
CCCC1CN2CN(C3CCC4(C5C6CCC5NC6)CCC4C3)CCC2C1C1CC1,0.7059,411.68,4.723,1,3
CCCN(CC1CC2C(CC3CN32)N1)C1CC2CC3CC4CCCCCC4C3C21,0.7039,397.65,4.126,1,3
CC.CCC1ON1C1CCCC(C2CCCC3C2C2C4NCNCCC4C32)C1,0.7032,389.63,4.372,2,4
C1NCC2CC34C5C(C6CC6CC6C7CCC8CCNC876)CN3C5C4C2N1,0.7028,366.55,1.238,3,4
CCC(CC1CCC2C3C4CCCN4C23C1C)C1CCCC(NCO)C1,0.7027,360.59,4.01,2,3
CNC1C2C3C4CC5NCC6C(C)C6CCC54C3N1CC21CCC2OC21,0.7021,355.53,1.664,2,4
CCCC1C(CC)C2C(C3CC(C4CCCCNC4)CC4NCCCC43)CCN12,0.7009,401.68,4.67,2,3
CC1CCCCC1CCC1C(O)NC2CCCCC21.I,0.7009,393.35,4.308,2,2
C.CCC(O)N1CCC2C3CC4CCCCCNCC5C(N)OC5C43C21,0.6993,365.56,2.141,3,5
CCC(O)C1C2CC(C3CNC4NCC(Cl)C4C3)CC1C2C,0.6979,326.91,2.428,3,3
C.CC1CC1(O)CCCC1CC2CN2CC2C(C1)N1CC3CCCCCN3C21.N,0.697,406.66,3.705,2,5
COCC1CN2CCCN3CCN(C4CC5C(CN4)CN4CCCCC54)CC3C(C)C2C1C,0.6956,459.72,2.015,1,6
C.CC1C2CCC(CC3CCC4C(C3)N3NN5CNC6NCCC6C5C43)C12,0.6935,373.59,2.374,3,5
CC1CC2C(C1)C2CC1CCC(C2CCCC3NC(C4CCC5OC54)NN32)CC1,0.6929,399.62,4.267,2,4
C.CC(CC(C)C1C(C)CCCS1(O)O)C1C2C3NC4N1N1N2CCC341,0.6928,384.59,2.788,3,6
CCSC(O)NC1NC2CC3CCC4CC34CCCC2S1,0.6926,328.55,2.953,3,5
CC1NC2CCCCCCCC2NC1C1CCCCCNCC1,0.6906,321.55,3.588,3,3
CCCC1CC(N)C(CC(C)Cl)C1C1CC2C3CCCCC132,0.6904,323.95,5.21,1,1
CCCC1C(CCCC2CC2C)CCC2CC3C4C(C21)C1N2NN3C3NC43N12,0.6901,383.58,3.123,2,5
C.CC(C)C12C3CCC4CCNC4CC1C31C3C4C5C(CC6CC65)CC43CCN21,0.6877,394.65,4.792,1,2
CC1CN2C3CC4C(C5CCCCC5)C42[SH]13,0.6863,237.41,2.958,1,1
C.C1CC1.CCC(C)F.OCCCN1CC2C3C(CC4CCC5CNN6CC5C4C36)C21,0.6862,437.69,4.341,2,4
CCC1NC2(CCC3CC4C(CCC4C4CCCC4)NCNC3CC2F)O1,0.685,379.56,3.671,3,4
C.CCC1NC1C1CCC(C2NN3C4CNC5C(CCN53)C24)CC1,0.6841,333.52,1.533,3,5
CCCC(O)NC1CC23CC4CCCC4CNC2C2(CC)C1C32,0.6831,318.51,2.887,3,3
C.CC1CC2CCNCN2C1C1CCCNCNCC1,0.6829,282.48,1.589,3,4
CCCC1CCCCC2C34C(NCCC5C(NC1)C1COC1CC5(C)OC)C21C3C2C3C2C341,0.6828,452.68,3.845,2,4
CC1CN2C3CCC(C4CCCC45CCCCC5CF)NC3C2NCNC1C,0.6747,392.61,3.238,3,4
CCC1OC1CCC1CCN2CC3C4CCC5C(CC3C23CC2NN2CC3C1CC)C54,0.6729,425.66,4.119,1,4
C.CCC12COC1C1C3CCCCCCCCCCC4NC4CN3C1CC2OC,0.6716,406.66,4.76,1,4
CN(CC1C2CC(N)C1CN2)CC1C2CCCCC(Cl)C1C(N)C2,0.6709,354.97,1.614,3,4
CCN1CC2NC3CC(CCC4CCCCCC4)C4C(N)CC4N3C2N1,0.6707,361.58,2.239,3,5
CC1CC2C34CCNCNCCC(C5CCN(C67CCCC6C68CN6C78)C5)C3C24C1C,0.6702,422.66,2.752,2,4
CC1C(O)NC23CCC(C4CCC(CCCC5CN5)CC4)CC2CN13,0.6694,347.55,2.673,3,4
CCC(O)N1C2CC34C5C6CC78CCC(CC7C7NN7C6C53C4C21)OC81CCCCC1,0.6692,423.6,2.84,2,5
CCC1NC2C3CCCCCCCC3N2CC(C2CCCCC3CC3CN2)C1C,0.6691,401.68,5.16,2,3
CC12CCC(CCN)CC1N1CN3CNC3C13CCC1C(C4C5C6CCC6C54)CCCCC1N23,0.6669,465.73,3.607,2,5
CCOC(C)C1CNC2NCNC3(C4CCC3C(C3OC35CC5C)C4)C21,0.6655,361.53,1.686,3,5
CCC1NC(C2CCCC(C3CC4ON(N)C4C4NC(C)C(C)C34)C2)O1,0.6652,364.53,1.965,3,6
CC1C2CCC3(CC12)C1C2C4CC3N3C4NCN2NN13,0.6648,273.38,0.333,2,5
CC12NC3CCCCC3C1C2CC1CCCCCCCCNCCCC1,0.6633,360.63,5.664,2,2
CC1CC2C(CC1CC1OC13CNC1CCCCN13)C1C3CC(C4CCCCC4)C231,0.6628,410.65,5.012,1,3
C.CC1OC1N1CCCC2NN3C4C5CC(C4C4OC4C4CCCCC4)C(C21)N3CN5,0.6621,431.63,1.901,2,7
C.CC1CN1C1CC2C(C3CCC(C4CC5CC56NC(NC5OC57CC7)CN46)CC3)C21,0.6619,426.65,2.966,2,5
CCN1CC2NC3CC(CCC4CCCCCC4)C4C(N)OC4N3C2N1,0.6619,363.55,1.78,3,6
CCCCCNCC1NCC2CCC3CC3CCC2C1CCC.O,0.6619,338.58,3.772,2,2
CCCN1C2C1C21C2CCCC13C2CCCC1CCCCCC2CC2CN13.N,0.6614,385.64,5.235,1,3
C.CC1CC12OC2CC1CCC(N2CC3OC4NC34C3C4CCCCC4CCCC32)C1,0.6611,428.66,4.716,1,4
CCCCC1CCCC(N2CC23NCNC2NCCC23)CCCC2OC2C1,0.6589,376.59,2.771,3,5
COC12CC(N3CCNC4CC4C34CCC3CCC(C5CC6CN6C5)CC3C4)CC1(OC)C2,0.6587,455.69,3.276,1,5
CC1CC2CC23CN2CCC(C4NNN5CNC6CCCC6C45)CC2C3C1,0.6572,371.57,1.924,3,5
CCC(O)N1C2CC1C13C4OC(N5C(CCC16CC263)C1N5C12CC(C1(C)CC1)C2)C4(C)O,0.6568,439.6,2.05,2,6
CCC1CNC2NC3CC32C1CC1CC2C3C4C(C1)N2C1N3C(O)C(CC)N41,0.6567,385.56,0.536,3,6
CC1CC(C)C(C2CCC3(C)C(NC(O)C4CC4F)CN3C2)CCCCN1,0.6556,381.58,2.91,3,4
COC1CCNC2NCC(C3CC4CN4C3)CC2CCN2CCCCCC1CCCC2,0.6553,432.7,3.303,2,5
CC1(C(O)NC2CCC(OC(F)(F)F)CC2)CC2CCCCNCC2C1,0.6552,378.48,3.548,3,4
C.CCCC1C2C3CC(C12)C1(C3)N2C3CC4CC4CN(C4C5CC6CC6C54)CC321,0.6527,392.63,4.496,0,2
CCCSCC1N2CC13C1CCC(C4CCCC5N4CC4NC(O)C6(CC6)N45)C2C13,0.6515,430.66,2.115,2,6
CCC(C)CC1CCC2NC3C(C4NC4C2C1)C31C(C)N1C1CC1C1CCCCC1,0.6512,411.68,4.561,2,3
C.NCC1CC2CC3CC4C(CCC5CC6C7CCCC6N5C47)CC3C23CC3C1,0.6505,396.66,5.311,1,2
C.CCCCCCC(C)CC1CCC2C(C1)C1CN3C4NCCN5N3C2CC145,0.6489,388.64,4.485,1,4
CCN1CC(C2CC(C3CCCCNC3)CC3NCCCC32)CN1CCCN,0.6486,391.65,2.288,3,5
CC(C)CCC1CCCC2C3CC(C4NCCC5C4C4C(C6CCC7NC7C6)C54)C3N12,0.6484,423.69,4.275,2,3
C.CC(C)O.CCCC1C2CCC3CC3C2CCNCC2NC2C1CC,0.6469,366.63,4.448,3,3
CCC1CCC(C2C3CN4CC5C6CCCCN6CC5(C(N)O)C4C32)CN1,0.6452,374.57,1.072,3,5
CCCN1CC12C(C1CCC(N3CCNC4NC4C3)NC1)C1CC3(CC3)C12,0.6446,371.57,1.026,3,5
C.CC1(C)CC1CC1CC1C1CC2C3CC4C(CC3C3CCC5CCNNC3N54)C2C1,0.644,425.71,5.28,2,3
CC(CC1CCC2(CC1)C1CCC3CC(C)C(C3)C12)NC1CCCNNCC1,0.6433,387.66,4.88,3,3
CC1C2OC23CCCC(CCCC2CC4CCCC4C4OC4C2)C13C,0.6428,344.54,5.344,0,2
CNC1CC2C(COC3CCC(C4CCCC5NC6CC7OC78CC8N6N54)CC32)CC1C,0.6416,442.65,2.692,2,6
C.CC1CC12CC2C1CCCCCC23C(C1)C1CC2C2NCC4NNC3C4C12,0.6415,383.62,3.954,3,3
CCC1(O)NC2NN3C(CCC4C3C3CCC5C6C7C(C78CC7CC7C8)C56C43)C21,0.6408,393.58,2.546,3,4
CCCCC1CC1CC1C2CCC3CN4CCCCC4CC3C2NC1C1(C)OC1N,0.6405,415.67,4.134,2,4
CCC(CNC1(C)CC1C)N1C2CC3C4CCCCC4CNC3C2C2(N)CCC12.O,0.6394,418.67,2.287,3,4
CCC(C)C1C2CCN(CC)C(C)CC1C2N1C(C(C)O)N2CC34CC5CC3SC5C1(N)C24,0.6389,474.76,3.023,2,6
CCCCN1CC2C1CCC1NC3CC(C4CC45CCCCC5Cl)C4CCNCN3C142,0.6389,447.11,3.994,2,4
CCC(O)N1CCC(CNC2C3CNC3CC23C2CN4CC5C(C)C5C4C23)CC1C,0.6378,414.64,1.578,3,5
CC1C2CCC13C1CN3C2N(C2CCC3(CN2)OC3(F)CF)C1O.N,0.6375,358.43,0.953,3,6
CC1CN(C(C)(C)O)CCN2CCC2(N2CC34C(N)C5C6C7CCC(Cl)CC7C53C624)C1,0.6362,447.07,2.124,2,5
CCC1OC1N1CCCC2C1N2C1C(C2CCCN2)CNC2NCCC21,0.6344,361.53,0.503,3,6
CC(CCC1C2CNC3NCCC3C2N1C)C1CC23C1CNC21CC2CCC4CC4CC213,0.6335,436.69,3.045,3,4
CCCC1NC2CC(C3CC4CC5C3CC45C3C4CNC3NC4)CCC2C1C(C)C,0.6331,411.68,4.243,3,3
CCC1OC1C1CCCC(CCC2CC3C(N2)C24CCCNCCC2C34)C1CC,0.6317,400.65,4.753,2,3
CCNC1C2CC23C2C4C(C5CC6N(S)C(O)C7(CC7F)N6N54)C2C13CC,0.6305,392.54,1.216,3,6
CCC(O)N1CCCN(C23NC(C4CCC(OC5CCCC6CC65)CC4)C4CN2CCN43)C1,0.6304,459.68,2.027,2,7
C.CCCC1CCCCCCCC1N1C2C(CNC3CCSC32)CC12OC2C,0.6298,408.7,5.435,1,4
CC(C)N1N2C3C(C4C5C6CC67CC54C7)C34C(N)NCNC124,0.6297,299.42,0.061,3,5
CCC(O)N1CC2C(CC3C2CNC2CCC(C)CC4CC5CCCCC52C43)CC1C,0.6278,428.71,5.282,2,3
CCC(O)N1CC2C1(C)C21C2CC(C)C3(CN3)C34C5C6CCCCC6CCCC5C3C4N21.O,0.6275,455.69,2.62,2,4
CC1C2CC3C4CC5NC(C)C6(CC7CC7CC6C)C5C5C6NC6CC45C3C12,0.6267,378.6,3.914,2,2
CCC1CCC2CC(CC34CC5NC6C7CNC(C)C7C6NC5C3C4)(OC)CC3OCC123,0.6264,441.66,2.692,3,5
CCC(O)C1CCC(C2NN3N4CCC5C4NCN3C52)C(Br)C1,0.6258,386.34,0.849,3,6
CCCCC1OC1N1C2CCC1CN(C1CCCC3NC4C5CC5C5(C6OC6C)CC45C31)C2,0.6249,453.67,3.373,1,5
CCC(O)N1C2C3C4N(CCCCN3C21)CCC1C2C3C5C6CC6(OC6CCC7CC7C6)C5C32N14,0.6248,478.68,2.127,1,6
CCC12CC3C(CC1N1CCC4NCN(N)C1C42)NC1CC(C)C13,0.6241,331.51,0.924,3,5
CC.CCCOC1CCC(C2NNN3CNC4NCCC4C23)CC1,0.6235,339.53,1.556,4,6
CN1C(NC23CC4C56CC7C8CC8CC7C2C45C6O3)CCN1CC(F)C1CC1C1C2CC21C.S,0.6222,485.71,3.605,1,4
CCCCC1CCC2CCC3C(CCNC4CC5CCCCC5C43)C12.S,0.6221,377.68,6.146,1,1
CCC(O)N1CCC(C2C3C(NC4CC5CC5C4C)CCCNC4CC4C32)C1CC,0.6218,415.67,3.452,3,4
C.CCCCCCCN1C(C(C)O)NC2CNC3CCSC3C21,0.6199,343.58,2.42,3,5
CCCCC(C)C1CCCCC(C2CCC(C3CCC4CN43)CN2)CC1,0.6189,360.63,5.614,1,2
CC1CCC2CC3C4CCCC4NCN3C2C1.CCCCC1CCCCC1,0.6188,374.66,6.352,1,2
CCC1CC2NCCC3OC(CC45CCC46CC5(NC4CCCCC4C)O6)C4(C)COC1CC234,0.6181,470.7,4.535,2,5
CCC1CC2C3CCC4CC5NC2C2C(CCC6N7CC(N8CCOCC8)N7C26C1C3)CC5C1COC41,0.618,508.75,3.182,1,6
CCC(O)N1C(C)CC(C2C(CC3CCCC4CC4C3)C23CCCC3C)C1C,0.6175,387.65,6.083,1,2
CCCC(O)NC1(C)CC2CCC3CCCCCCCC3NCCCC21,0.6163,364.62,4.982,3,3
C.CCCCCC1CC2C3CCC(C1O)C1C3OC(O)C23CN13,0.616,323.48,2.38,2,4
CCC.CCC(O)N1CCC2C(CCNC34NC56CCCC53C6C24)N1,0.6129,348.54,1.788,4,5
C1CCC2C(C1)CC2CC1CCC2C(CCC3N4CN5CCCCC5C234)C1,0.6119,368.61,5.278,0,2
C.CC1CC1CCC1CCC2C3CC(NC4CCC5C6CCCCC6C5C4)NCN3N2C1,0.6118,442.74,5.21,2,4
CCCCC1CC(COC2CC3CC4C56CNC78NCNC5(C76)N(C)C48CC32)C12CC2,0.6117,424.63,2.484,3,5
C.CCCCC1CCCS2(O)C1C2C1(C)C2C3N4CC45C4CCNC4NCN5C321,0.6108,420.67,2.832,3,5
CC1(C)CC12CC1CC3OC3C3C4CCCCNCC(C5CN5CC5CCCCC5)CC43C12.O,0.6103,470.74,4.662,1,3
CC1CC(O)N(C2CC34C(CCC5CCCC5N)NC5CC53C24)C1O,0.6098,347.5,0.992,4,5
OC1NC2NN3C(C4CCC5(CCC6CCCCCC6)CC45)CCCC3N2C12CC2,0.6095,414.64,3.892,3,5
CCCC12CC1C1NC3C4CCC5CCCCN5NCNCC43C1C2.N,0.6084,361.58,2.631,4,5
CN1C(CCCCCCCCCCN)C2NN3CCC(CC3)C21,0.6071,322.54,2.737,2,4
CC1N2C(O)C3N1C3(C)C2NCC1C2C3C45CCCCC4NC35C3C4CC4C3C12F,0.6062,412.55,1.089,3,5
CCC(CC1CCC(C2NNN3CNC4NCCC4C23)CC1)C1CC1C,0.6059,361.58,2.423,4,5
C.CC.CCCON1CCC(C2NNN3CNC4NCCC4C23)CC1,0.6048,356.56,1.261,4,7
C.CCC(O)CCCC1(C)CCCC2C(C3CNCN4CC4CN3)OC(C)C21,0.6038,395.63,2.977,3,5
C.CCCC1OC1(CC)C1CCNC(NC2C3CC4CC5CCCC5C4C32)N1,0.6038,389.63,3.866,3,4
CCC(O)OCCC12CC1CCC1CCC3CC3C1CNNCCCCC2C,0.6037,392.63,4.485,3,4
C.CN1CCN(C2CCC(NC3NCC4CCCOC5C6CCC7C8C7C68C45N3)CC2)CC1,0.6033,457.71,2.067,3,6
CC1CO1.NC1CCC2(C1)CC13NC4CC(CC(F)(F)F)CCN4C1C1CCC2CC13,0.6033,441.58,4.04,2,4
C.CCC(O)N1CCC(C2OC23C2OCC2C(C)C2CC4CNC(CC5CO5)N4C23)C2CC21,0.6033,461.65,1.641,2,7
CC1CCCCCCCCCCC2C3CC(C4CNC5C(C4)C4CN6CN6C45)C3C12,0.6032,411.68,5.132,1,3
C1CCC2C(C1)CC2CC1CC2C3C2(CCC2C4CN5CCCCC5C243)C1,0.603,365.61,5.74,0,1
C.CC(F)CCC(F)C(C)NC1CCC2NCCC3CCCCC3CC2C1,0.6023,386.62,5.804,2,2
CCCCCCCCCC1CC2CN(C(O)CC)C1(N)C2,0.602,296.5,3.852,2,3
C.CCC(O)N1CCC(N2N3C(C4CCC(OC5CCCCC5)CC4)C4C(N)OC423)CC1,0.602,450.67,3.223,2,7
CC1CC(N)CCN2CC2CC1CCCC1C2CCC34OC3C(C)C124.P,0.6015,378.54,3.476,1,3
CCC(O)N1CCC(C2CC3OC(N)C34C3CC(OC5CCCCC5)CCC3C4N2)C1C,0.6013,447.66,2.974,3,6
C.CCCCCC(CC)CN1CCC(C2C3CC4NCN3CN2N4CC)CC1,0.6012,393.66,3.781,1,5
CCC(O)N1CCC(C2CCCCCNC3CC4NCC(OC5CCCCC5)CC4N32)C1,0.601,448.7,3.049,3,6
CCC(O)NC1CCCC2C3CC4OC4CC4CCCC4C3C2C1C,0.6001,347.54,3.949,2,3
CC1CC(CCN)(N2CCC(C3CC(C4CNCC5CN54)CC4NCCCC43)C2)C1,0.5988,415.67,1.876,3,5
CC1CCC(C2CC(C(O)NC3CCC(OC(F)(F)F)CC3)CN3C2C2CC4C2C43)CC1,0.5973,456.59,4.523,2,4
CC1CC2(CCC3CC2C2CC3C2N2CC3NC2CC3CC(F)(F)F)CC1N.CCCO,0.5966,457.63,4.126,3,4
CCC1CCC(CN2CCC(C3NNN4CNC5NCCC5C34)CC2)CC1,0.5963,376.59,1.473,4,6
CCCC12CC3(C1CO)C1N4C5CCCCCCN5C4CC13NC2CCN1C2CC21CC,0.5956,440.68,3.129,2,5
CCC(O)N1CCC(NC2CCCNC3NC4CCCCC4C23)CC1.Cl,0.5954,387.01,2.047,4,5
CCCC(O)CC1(C)CCC2CC(C3CCCC4CCCC43)CCC21,0.5953,346.6,6.587,1,1
CC.CCCC1C2CC34C5C6CC(C7CC8C9C(C7)C89)C6C36CCC(CC564)C1(C)N2,0.595,405.67,6.134,1,1
NCCC1CC2CCC(N)C3C(CC2C1)NCC3C1CCC(OC2CCCCC2)CC1,0.5946,431.71,4.601,3,4
OC12CCC13C(NN1C4C5CCC6CC7C89CC%10CC%10C8C79C6C5C4CCC13)N2,0.5931,391.56,2.3,3,4
C.CCC(O)N1C2CC34CN5C(CCCC3C4C21)C5C1CCC(OC2CCCCC2)CC1,0.5925,444.7,5.185,1,4
CCCC1C(C2C3C4C(C5NCCCC523)C42C3CSC(O)N32)CCN1C(O)CC,0.592,419.64,1.895,3,6
CCCC(O)CC(C)CC1CC2CCC3CCC4C5CCCC56CC6N4C3C2C1,0.59,399.66,6.022,1,2
NCCC1CCC2CCCC3NCCC(F)C(CNCC4C5CCC5CC4C2C1)O3.S,0.5899,455.73,3.959,3,4
CCC1CC1(C)CC(C)CCCC1CC2C3CC14OC(N)C24C1C3C2CC23CC13.CN,0.5898,426.69,5.176,2,3
CCC12C(C)CCC13CN(C1CN4CN4C1)CC32.COC1CC(OC)CC(C2CCC(O)CC2)C1,0.5897,489.75,3.984,1,6
CNS1(O)OC1C1CCCCC2C(CC1)CNNC1CC12,0.5891,315.48,2.369,4,5
CC1CC1CNC(O)C1C(C)NC2C1CC1C3C4CC(C5CC6(F)CC67CC57)C1(C4)C23,0.5891,426.62,3.573,3,3
C.CCC(CC)N1CCC2CCC(C3N4CC5(C)NC5N34)NCC3C2NCN3CC1,0.5889,419.66,1.045,3,7
CCC(O)NC1CCC2C3C4CC5NC67NC8CCCC6C85C37C24C1,0.5885,341.5,1.549,4,4
CCCON1CCN(C2CCNC3C2CC2(C4C5C6N4C64C6C7C4C576)OC(N)C32)CC1C,0.5878,439.6,0.065,2,7
C1CCCCC(CC2CCC3C(C2)C2CNC4NCN5NNC3C5C42)CCC1,0.587,387.62,2.958,4,5
CC1CC2(CCCCC1N1C(O)NC3C(C4ON4C4CCCN(C)C4)SC4CCCC1C43)CC2,0.5864,490.76,3.605,2,7
C.COC1CCC(C2CNC3NCC(C4CCNCNC4)CC32)C2COC12,0.5857,380.58,0.99,4,6
CC12CC3C4C(CC5CCCCCC5CNCC31C2)NCC1C2CCCCC2C14,0.5855,396.66,5.233,2,2
CCC1CC(CC(O)C2CC3CC4C(C)C5(CCNC6NCCC65)C4C3C2)CN1,0.585,401.64,2.969,4,4
CN1CCC(C2CCNCOCC3C(C4CCC(CCCC56CC5C6)CCN4)C23)CC1O,0.5848,445.69,3.431,3,5
COC1CC2OC3C4CCCCCCC(C1C1CC5NC6C(CC5CC1CC4)C1CN(C)NC16)C23,0.5847,483.74,4.223,2,5
CC1C(C2OC23CC3C)CC2C3NCC(N)CC3C(CCCC3CCCCC3)NCN12,0.5846,430.68,3.228,3,5
C.CC1CC2C3CCCCCC3C2N1C1CC2CCCCCC21,0.5834,317.56,5.88,0,1
C.C.C.C.CC1OC12NC1CNC3CCCC3C1N2CC1CC1CC1CC1CCF,0.5827,427.69,5.04,2,4
C.NCCCCCCNCC1CC2NCCCC12,0.5824,255.45,2.119,3,3
CC1CCC2C(CCC3CCC4CC4CCC4CCC5CC5C4N3)C2C1.Cl,0.582,392.07,6.454,1,1
CC1C2CC(CC3CC4C5C(CO)C6NC7OCC6CCC6CC8CC6CC69C%10C86C%109C75C4N(C)C3)CC12.O,0.582,534.79,3.406,2,4
C.CCC(O)N1CCCC2CC(C3CC3CC3CN3)(N3CC3C3C4N5C(OC)C345)C21,0.5818,416.61,1.295,2,6
NCCC1CCC2C(C1)C1CN3C4NC3C3C(C14)N2C1C2C4OC4CC4CCCCC4C2N31.O,0.5811,469.67,0.783,2,6
CS(O)(O)C1CCC(C2CN3CCCC34CC3C5CCCOCCCC5CC3N4C2)CC1,0.581,466.73,5.265,2,5
CCC1CCC12CCC(C1CCCNNCC(C3CC4N(C3)C43C4C5CCCCC543)N1)C2,0.581,438.7,4.071,3,4
C.CCCCCCCC1CC2NCCCCC1CNCCC1N3CCC(F)CC3N21,0.5809,424.69,5.1,2,4
CCC(CCN)N1NC2CC3CC(C4CCC5CC5C4)C3C3NCCC2C31.N,0.5806,389.63,2.904,4,5
CC(C)CCC(C)CN1CCC2C(C1)C1CNC3NCN4NNC2C4C31,0.5804,362.57,0.795,4,6
N.OC1NC2CCCC3C2C13CCCC1CCCCCCCC2CC2CC1,0.5804,376.63,5.802,3,3
CC.CCCCCCCCC1CCC2C(C1)C1C3C4C2NNN4CN2C1NC32,0.5802,389.63,3.646,3,5
CCC(O)N1CCCC2C(C3C4CCCN5CN5C(NC5CCC6(CN6)C5)N43)C21,0.5799,402.59,0.53,3,7
C.OC1CC2C(CCC3CC3)N3C1CCCNCCCCCCCCCCCCCN23,0.5796,435.74,5.89,2,4
CC.CC12OC1C2CCC1C2CC3NCNC4(C3C12)C1CC2CC2C2OC2CCCCCCCN14,0.5787,483.74,4.509,2,5
CCC(O)N1CCCC(C23NC(C4CCC(OC5CCCCCC5)CC4)C4CN2CCC43)C1,0.5787,459.72,4.345,2,5
COC1CC(C)C2CN(C1)C(O)C(N1CCN3C4CC(C(CC5C6CCCC65)CN4)C3C1)N2,0.5786,459.68,0.947,3,7
CCC(CCCC1CCNC1C)C1CCC23CC4CCC2CCC4C3C1,0.5778,357.63,6.424,1,1
CCC(CC(C)N1OC1CC)C1CC(C2CNOC(C)N2)CC2NCCCC21,0.5772,394.6,3.008,3,6
CCC(O)N1CCCC2C1C1CCN3CC34C3C5C(CCC3C43NC213)NC1CCCCC15,0.577,438.66,2.151,3,5
C.CCCC1C2CN2N1NC1C(CCCN)C2CC(CC3C4C5CC5C34)CCC21,0.5766,400.66,3.882,2,4
CCCCC1CC1CCCC(C)NCC1CCNC2NCCC12,0.5762,321.55,3.506,3,3
CN1CC(C2CC3C4CC5C(C3C4C2)N(CCNC2CC2)C23CC(CO)C2CCCC53)CN1,0.576,454.7,2.564,3,5
CCCC1CC1CCCC(C)C1NNN2CNC3NCCC3C12,0.5759,321.51,1.787,4,5
CCCCCC.NCCC1CNCCC2C3C4CCCNNC4CC123,0.5757,350.6,3.04,4,4
CCC1C2C3CCC4CCC5C(N6C7CCC8CCNCC8C76)C5C41C32.P,0.5732,386.56,3.824,1,2
C.CCCCN1C2CC(NN3CCC(O)CC3)C3C(N21)C31NN2CC3CCCCC3C21,0.5725,432.66,1.761,3,7
CC.CCC1CCCCC1N1CC2C3NC3C2(NC2CCC(CC(F)F)CC2)N1,0.5704,412.61,4.272,3,4
CCC(C)CC1CCCNC2C(CCCC3CC4CCCCC43)N3C2C3N2C(C1)C1NC12,0.5698,440.72,4.552,2,4
CN(C1NCNC2NCCC21)C1CN2C(O)CC3CCCCC3C2C12CC2,0.5698,375.56,0.692,4,6
CCC(CCC1CCCC1C)C1CC2SC3(F)CC3C(O)NCNN2CN1,0.5693,400.61,2.979,4,6
C.CCCC1CCCCN(C2CC(OC)CC(OC)C2)CC1C1C2C3CN(C34CN3CC4N3)C12CC,0.5674,502.79,4.005,1,6
CC1CCCCCCCCCCCNC2C(CCCC1O)C1C(CNC3CC3C)C21,0.5655,418.71,5.517,3,3
CC(C)CCC1C2CCC(NC3CC4C5C(N3)NC(F)(F)C4C3C5C4CC45CC35)C1C2,0.5648,431.62,4.403,3,3
CCC(O)N1C2C(C)C3C(C4C5CCC(OCCC6CC7CC7C6)C(C)C54CC)NCC2C31,0.5639,456.72,4.515,2,4
CCC1CCCCC1CCCCC1CCC2CC12C.N,0.5638,279.51,6.361,1,1
C.CCCC1NCCC2CC(C(O)NC3CCC(OC(F)(F)F)CC3)CCC21,0.5636,408.55,4.573,3,4
CC1CC2CC2CC12C1(C)NC34CC5CCCC6CC6CC5CCC5CC53C142,0.5636,377.62,5.786,1,1
C.CON1CCCCCC2CNC2CC1C1C(C)CCN2C1NC1NC3C(C4CCCCC4)C3C12,0.5633,487.78,3.787,3,6
COC1CCCC23CNC4CCC25C2CC(OC6CCOCC6)CCCC2C5C4CCC3CC1OC,0.5624,501.75,5.355,1,5
C.CC1NC(C)C12C1NCCCCCCCCC12C1CC1CC1CC23CC2CCC3N1CO,0.5613,457.75,4.911,3,4
OC1NC2NN3C(C4CCC56C7CN(CCS89CC8O9)C5C476)CCCC3N2C12CC2,0.5612,431.61,0.525,3,7
CCC(O)NC1(C)CCN2C(C1)C13CCN(CN)C(C4CCCOC5CCCC(C)C5C41)C23,0.5605,460.71,2.748,3,6
CCC(O)NC1CCCC(C2CC3C(C4NCCCC24)C32C3NCC(C)C32)C1,0.5605,387.61,2.721,4,4
CCC(O)NCC1CCCC(C2CC3OC(N)C3C3NC4(C)CC4C23)C1,0.5603,363.55,1.797,4,5
COC1CC1(C)C1CCCCC(CC2CC3CCCCCC32)C1,0.5595,318.55,6.214,0,1
C.CCCC1OC1CCCC1CC(N)C(C2CCCCC2)C2CNCNCC1O2,0.5578,409.66,3.808,3,5
CCCC1(C)NCCC2CCCC3CCC4CC34CC2CCC(NC)C1(C)CC,0.5572,402.71,6.546,2,2
CCC1C(OCC2CCNNC2C)CCCC1C(C)N1NC2NC3CCCC321,0.5565,391.6,2.13,4,6
CN1C23CCC4CC5OCC6CCCCC7NC67CCC5CC4C24N2CC3C14C1CCNC12,0.5558,450.67,2.559,2,5
COC1CC2C(N3CCN(C4NCC(CC5CCCCCCC5)CN4)CC3)CCN3C2C3C1OC,0.5556,489.75,2.322,2,7
C.CCC1CC2C3CCC(CCCCC4NC56C4C5C64C5CC6CC654)CC32C1,0.5554,379.63,6.032,1,1
NCCC12CC3CN(C4CCC5CC(C6CCC(N)CC6)CC6C(CCN1)NC56C4)C32,0.5553,427.68,2.194,4,5
CCCCC1CCC2C3N4C5C6C7C(CCN6C6C(CC5(C)N)C4C63N12)C1OC12CCCCCCCCC72,0.5545,520.81,4.525,1,5
CC1CC(CCN)(N2CCC(C3CC(C4CCCC(C)N4)CC4NCCCC43)N2)C1,0.5538,417.69,3.008,4,5
CCC(O)NC1CCCC(C2C3CC3NCC2C2C3CC4CC5CCCCC5C4C32)C1,0.5536,426.69,4.796,3,3
CCC1C(C2CC3C(CN4C(C5CC(C)C5C)CC34)N(NNC)C2)CNC12C1CC12CC,0.553,441.71,3.095,3,5
CCN1CCP2C3CCN(C4CC(OC)C(O)CC43)C2CCC(OCCC2CCC3CC23)NC1,0.5529,493.67,3.479,2,6
CC12CCCC1C1NN1C2.CCCCCC1CC1CCC,0.5529,292.51,4.956,1,2
CC1CC(N2C(C3CCCCCC4C5C4C54OC34)NC3C4NC5C(CCN54)C32)CCC1CCN,0.5515,467.7,2.293,3,6
C.CC1CC2NC12.CCC(O)N1CC2C(CCNC3CCCC4C5CCCC4C5C3)C21,0.5509,431.71,4.232,3,4
CCC(O)N1C(C)CCN2C1NC21CC(C(F)F)CC(CCC2CC3C(C)CCCC3O2)N1,0.5509,470.65,3.659,3,6
CCC(O)N1CCC2CC3(C4CCC(CC5CCCCCC5)CC4)OC(N)C3CNC2C1,0.5502,447.71,4.236,3,5
CC1NC23C1CN1N2C2CCC4(CC5CC5CC4Cl)C23CC12CC1C(CCC3CC31)CC2CN,0.5501,483.14,4.183,2,4
CCC(O)N1CCC2CNC3CC45C6C7C8C(CC9C%10CCCCC%109)C(C4C54C5NC5C34C2C1)C876,0.5498,473.71,2.92,3,4
C.C.CCN1C(O)CC2CCC3CC3C2C1C1CCCC2CC2CCCCC2OC21,0.5496,419.69,6.098,1,3
CCC(O)N1C(C)C2C(CCC3CC31)CCC1C3CC4C(C5C6CCCCC65)C4C3C3C4NN4CC132,0.5492,491.76,4.941,2,4
C.C.CC12OC1N2CCC1C2CN3C4NC5CCCCCC5C4C4N(N)OC43C12,0.549,405.59,1.908,2,7
C.CC1(C)CCN1C(O)C1CNC2CCC(N3CCCC3C3CNCC(F)C3)NC21,0.5477,425.64,1.503,4,6
CC1CCC(CCC2OC23CN(C2NCNC4CC(CCCC5CC5C)CC42)C3)CC1,0.5467,429.69,4.744,2,4
CC1C(CCN2CC2CCO)C2CC(NC3CCC4C5CCOC(C5)C4C3)NCN12,0.5461,418.63,1.592,3,6
CC12C3CC(C1NCCN)C1(CN3)C(S)CC21,0.5444,253.41,0.22,4,4
CCC(O)N1CC2(C1)NC1NC(C3CSC4(C3)OC35CCCC(C3)C54)CCNC12,0.5443,420.62,1.057,4,7
C.CC1CCC2C3C1C2C12C4CCCCCCCC1C342,0.5443,272.48,5.521,0,0
CC1CCC(NC23NN(C4CC5CCCCCCCC5CC4CN)CC2C(N)O3)CC1,0.5442,433.69,3.274,4,6
C(CCCC1CN1)CCC1CCC2C(C1)C13C2C12C1C4N1C1CCCC2N1N43,0.5431,380.58,3.149,1,4
C.CCCCC1CN(N2C3C4C5CC(N)CC2N4C3C2OC(CC)C52)CCCN2N1S2(C)CN,0.5429,495.78,2.123,2,8
CC1CCCC23CC(C4CC5C6CCCC7C8C9CCC79C8C65C4)C2CCC3CNCN1,0.5427,434.71,5.827,2,2
CC1CN2C3CCC4CC(C5CCC6(N)CC56)CN5C(CCNC(CCN)C12)NC45C3,0.5418,428.67,1.261,4,6
CCC(O)NC1C2CCC34C(CC21)C31CCCCNC1C1CC2OC214,0.5415,344.5,2.019,3,4
CCC(O)N1CC2C(CC1C)C2C1C2NN3C4CC(N)OC45C1CC2(CC1CO1)N35,0.5405,417.55,0.038,3,8
C.CCCC1CCCCCCCCCCCCCCCCC1CCN,0.5404,353.68,8.259,1,1
CCC1CCCCC1C1NC(NC2CCC3C4CCCCC4C3C2)C2C(O)NCCC12,0.5399,429.69,4.239,4,4
C.CCCC1OC1C1CC2NC3NCCC(CC(N)CC4CC4CC)N3C2C1C,0.5399,406.66,3.288,3,5
CCC1CC2C(CC1OC)NCNC2N1CCN2CNC3ON3CC3CC4CC34C(C)C2C1,0.5399,460.67,1.023,3,8
C1CCCC23CCC4(C2C3CC1)C1NNN2CNC3NCCC3C124,0.5397,329.49,1.295,4,5
CCCOC1CNCNCCCC1(N)C(C)CCC1CCC(C2CCCC2)CC1,0.5396,407.69,4.823,3,4
C.NC1CC2(N)C3C4C(C5NCCC3C53CCCC5CCC5CC43)N2C12CCC1CC1C2,0.5395,438.7,3.692,3,4
NCCC12CC3CN(C4CCC5CC(C6CCC7(N)CC67)CN6C(CCN1)NC56C4)C32,0.5394,426.65,1.015,4,6
C.CCC1CCC2CC(CCC3CC4C5CC6CCCCCCC6C45N3)C2C1,0.5392,385.68,7.202,1,1
CN1C2C(CN3C4NCCC243)C12CCC(CS(N)(O)C1CCCC1)CC2O,0.5383,396.6,1.298,4,6
CC(N)CCC1C2CCC3CCCCCC32C1C1CC2CCCCCCC2C1,0.5382,385.68,7.333,1,1
CC1CC1(O)N1CCCC(C2NC(C3CCC(NC4C5CCC6CC654)CC3)C34CN3CCN24)C1,0.5381,467.7,1.999,3,6
C.CCCC1CC1N1CCC2C(CCCN)C3CC2(C3C)C2C(C)C3CC(C3C)C2C1,0.5378,428.75,6.298,1,2
CC1CCC(C2CC3(C4CCN(C5(CCN)CCC5)N4)C4CCCNC4C23)CC1.CN,0.5374,431.71,3.242,4,5
CC1(C2CCC(CC3NC4NC45NC4NC6CCCCC67OC7C4C35)CC2)CO1,0.5365,400.57,1.414,4,6
CCC(O)NC1CC2C3C4C5C6C7(NC45C23C1)C1C(CCCC2CCCCC2)C(C)C167,0.5361,422.66,4.302,3,3
CC1CCC(C2CCCC3CCCCCC(CCCC4CC4C)C3(N)C2)C1,0.5359,373.67,7.333,1,1
C1CCC2C(C1)CC2CC1CCC2C(CCCC3CN4CCCCC4C32)C1,0.5354,369.64,6.52,0,1
CCCNCCCC1C2C3NC(CN1CO)C2C3C1CC2CC3CC4CCCC4C321,0.5354,413.65,3.065,3,4
CCCC1CCC2C1C2C1CC2C3CCCCCCCCC32C1,0.5349,314.56,6.836,0,0
C.CCCCCCCC12CC34C(CN3CN4C3CCC4N(C3)C43CC3C)C1N2,0.5348,386.63,3.624,1,4
CCN1C(N2CCC(C3NNN4CNC5CCCC5C34)CC2)OC(O)C12CC2,0.534,392.55,-0.023,4,8
C.NC1CC2C(CC3CCC4C5C6CC6C4C325)C2C1C1CNC3CCC4CCCCC4CN3C12,0.5334,463.75,4.96,2,3
CCC(O)N1CCC2CC2(C2C(F)CC(C(N)O)C3NC4C5CC5CC4C32)CC1,0.5334,407.57,1.681,4,5
OC(C1CC1)N1C2CC3NC1C1C4NC(CNCC5CCCC5)CCC4C(C2)N31,0.5331,401.6,1.018,4,6
CCN1CC2(N)C3N4CC(CCN)(NCCCN2OC25CC26C2CC78CC7C25C86)C4N31,0.5327,425.58,-0.712,3,8
C.CC12C3[SH]1C32CC1CCC(C2CC3C4CCCCCNCC4C23)C1,0.5324,361.64,4.999,2,1
CCC(O)N1CCC(NCCCCCC2CC2CN)C1,0.5322,283.46,1.534,3,4
CC1CC(Cl)CCC1C1CCC2NC(NC(O)C3CC3F)CN2C1,0.5321,359.92,2.263,3,4
CC1NNC2CCCC34C5C6CC7CC(O)NC8CCCCCC8C76C53C124,0.5301,369.55,2.535,4,4
C.CCC1OC1C12CCC3NCCC4CC(NC5CCC(C6CCOCC6)CC5)N4CNC31C2,0.5294,474.73,3.607,3,6
C.CCCC1CNCCCNC(C2CCN(C3CCC4C5NC453)C2)CC2CCC1N2,0.5291,417.69,2.326,4,5
CCC(O)N1CCCC(N2NC(C3CCC(OC4CCCC5OCC54C)CC3)C3CNCCC32)C1,0.529,490.73,2.879,3,7
OC(NC1NC2CCCC(C3CCC(CC45CC4C4CC45)CC3)N2N1)C1CC1,0.529,386.58,2.729,4,5
CCCNC1CCCN2C3C4CCCCC4C3CC(C)C3(OCC3CNCCCC1CC)C2COC,0.5286,503.82,5.091,2,5
CC(C)CC1CC(CCCC2CCCCC2)C2(C1)CC1CC3C4CCNC4C132.CN,0.5284,414.72,6.389,2,2
O.OC(NC1NC2CC3C4CCC5CCCCC5CCCCCCC43N2N1)C1CC1,0.5272,420.64,2.828,4,5
CC1CCCCCC2C(C3CNC(C)NC3)C23CC(OC(C)(F)F)CCCN2C(CCNC1)C23,0.5269,482.7,4.188,3,5
COC1CC2C3CC1N3C(O)C21CC1C1CCC(C2C3CCCCCCCCCCCC32N)CC1,0.5269,484.77,5.857,2,4
CCCC1CCC2CC23C2C4C5C6CC(C)(C)CC6C4C54C2C2CNCC24C3CC1CC,0.5266,433.72,6.629,1,1
COC1CC(OC)CC(N(CC2CC2)C2CCC3CC4C5CC6C(CCNCC5C4NC3C2)CC2CC26)C1,0.5265,525.82,4.698,2,5
C.CC12CC13CC31CCNC3C(CN(C4CC5CCNCC5C4)CC4NC(O)C43)C21,0.5255,414.64,1.627,4,5
CN(CCC1(C)C2C3CCCC3CCN2S2(O)OC12)C1NCNC2NCCC21,0.5247,411.62,1.695,4,7
C.C1CC2CC2C2CCC12.CC(O)CCN1C(O)NCCCC2CCC(C2)C12CN2,0.5247,421.67,3.513,4,5
CC1C2NS34OC3C4C23C2C(C4NCNC5NCCC54)CCC123,0.5247,334.49,0.448,4,5
CCC(O)N1CCC(N2CC3CNNC3(C3C4CC5OC6CCCCC6C5C43)N2)CC1C,0.5245,445.65,1.648,4,7
C.CCCC1CC1CCN1C(O)NC2C1C1CCNCCCCCCCC13CC23.N,0.5243,422.7,4.499,4,5
C.OCCCN1CC2C3CCOCCCCCCCCCC3C2C1CCCC1CC1,0.5242,421.71,6.289,1,3
CCCC1CCC(C2C3C4CCC(C4)C3C3C4CC5C4CCC5C23)CC1,0.5241,352.61,6.793,0,0
CCC(O)NC1CC2C3C(C1CN)C21CCC2C4CC(C5CO5)C2C431,0.523,344.5,1.575,3,4
CCC1C(O)C2CCN1C2N1CCC(C2NCN3CNC4NCCC4C23)CC1,0.5228,390.58,-0.404,4,7
CC.CCCCCCCC1CCC(C2C3C4CCN5N2NN3C2NC425)CC1,0.5227,375.61,3.844,2,5
C.CCCCCCC1C2CNC1C2CCNC1CC2CC3CC3CC2C1C,0.5224,374.66,5.477,2,2
CCC1CCCCC(C)C2(CCC1)CCC1CCC(C3CCNC4NCCC43)C1C2,0.5219,414.72,6.751,2,2
CC1CC2CN2CCN(CCC2CNC(C3NCNC4NCCC43)C2)C1,0.5215,362.57,-0.165,4,6
CC1C(CCN)CCC2N3CCC(O)NCCCCCCCCCC4C5CCC6C(C43)C(C5)C162,0.5215,471.77,5.145,3,4
C.CCCCCCCC1CCC(C2NNN3CNC4NCCC4C23)CC1,0.5214,365.61,3.348,4,5
COC1CC2NCNC3CCCN(C4CCC(CCC5CCCCC5)CN4)CCC3C2CC1OC,0.5212,490.78,4.102,3,6
C.CC(C)C1CN1C1CCCC2(C1)C1NC(C3CCC(OC4CCCCC4)CC3)C23C(N)OC13C,0.5212,487.77,5.214,2,5
OC(NC1NC2CCCC(C3CCC(CN4CCCCC4)CC3)N2N1)C1CC1,0.5208,391.6,2.169,4,6
C.CCC1CC1CCCCCCC1NC(C)OC1C1CCCC2CC2CN1,0.5205,378.65,5.49,2,3
C.CCCC1CC1CCCCCN1C(C(C)O)NC2CNC3CCSC3C21,0.5204,397.67,3.446,3,5
CCC12CC3CC3CCCCCCCCCCCCC1CC2CNC1CC1C,0.5199,387.7,7.738,1,1
CCC(O)N1CCC(C2NCNCC(C3C4C(C5CC6CCCCC6O5)C34)CC3CN3CC2C)C1,0.5198,486.75,2.722,3,6
CN1CCC(C23CC4CCCCC42C2C4NN(C56CCNC5C5CNC56)CC4C23)C1N,0.5194,424.64,0.557,4,6
CCC(O)N1CCCC(CN2CC3CCNC3N(CC3C4CCNC43)N2)C1,0.5192,378.57,0.008,4,7
CCCC(O)N1CCC2(C1)CC13NC4N5C(C1C1(CCC(OC6CCCCC6)CC1C)NCC23)N45,0.5178,485.72,2.811,3,7
CCC1OC23C4CC5CC6C7CCC(C8CC8)C6C7(O)N5C56CCCC7C(N8C9C(C%10CN%10)N98)C5C76COC42N13,0.5178,545.73,1.706,2,8
CCCC1(N2CCC(C3CC(C4CCCC(O)C4)CC4NCCCC43)N2)CC(CN)C1,0.5176,432.7,3.418,4,5
C.CCC(O)N(C)CCCC1CC2CC(C(N)O)C3NC(C)C(C)C3C12,0.5175,369.59,2.225,4,5
NCCC1(N2CCC(C3CC(C4CCCC(N)C4)CC4CCCCC43)N2)CC(CN)C1,0.5173,431.71,3.372,4,5
CCC(O)N1CCCC2C1C21C23C4ON4NC(N)C2C2(C4CCC(OC5CCCCC5)CC4)CC213,0.5172,484.69,3.086,3,7
C.CCCC1C(CCC2(CC)CC23CC3C)C2CC3C4C5CC6CC64C5N3C12,0.5163,381.65,6.372,0,1
CCCC(CC1CC2C3C2(CCC2C4CN5CCCCC5C243)C1)CC1CC1C,0.5161,381.65,6.376,0,1
CCCC1OC1CCCCC1NC2C3C4CN4C(N4C5CC6CC6C54)C23C1C,0.5158,383.58,2.824,1,4
C.CC1CCC(N2C3C4C(O)NCCC42N2N3NCC3C4C5CC5C342)CNC1.CCCC,0.5156,446.68,1.768,4,7
CCCCC1CC(C(C)N)C2C(C3C4CC(C5(C)CC5)NC3N42)N1C(C)CN1OC1(C)CC,0.5147,459.72,3.516,2,6
CC.CCC1CCCC1N1CC(CC2CCC3CC2C32ON2C2(C)CC2)C2C(O)CCCC21,0.5141,458.73,5.985,1,4
CCC1(CCCC(C)O)C2CC3CC4C(C)C34CC3C4CN4C4CCC(OC(F)(F)F)CC4C3N21,0.5135,496.66,5.193,1,4
CC1C(NCCNCN)CC2CC21F.CCC1C2CCCC1CC2,0.5131,339.54,3.441,3,3
CCC(O)N1CCCC2(CC3C4CCNNN2N4CC2CC4CNC(C5CC5)(C4)N23)C1,0.513,431.63,0.426,4,8
BrC1CC2CCN(CCCC3NNN4CNC5NCCC5C34)CC2C1,0.5125,413.41,0.82,4,6
CCCCCC1C2CCCCCNCC2C1C1CC1C1CC1(C)CC.F,0.5123,365.62,6.434,1,1
CCCC(C)C(CC)C1CCCNC(NC(O)C2CC2F)CNC1,0.5119,343.53,2.63,4,4
CCC(CCCC1CCC2CC12)C1CC2NCCC23C(N1)C1CN(C(CC)CC)NC13,0.5116,428.71,4.315,3,4
CC1CC1NCC1CCC(C2NNN3CNC4NCCC4C23)CC1,0.5114,334.51,0.349,5,6
CCN(CCCC(C)C1CCNNCC1CCN)C1C2CC1(C)N2,0.5108,337.56,1.307,4,5
CCC1CC2CNC3CC2(C1CC)N1CN2CCCCCCC4ON(C)CCC4NCNCN2CCN31,0.5107,518.8,2.202,3,9
C.CCCCC1CC2CCCC3C4C5CCCC(CC6CCOC7CC7C6)N5C4C3N2C1,0.5106,442.73,6.112,0,3
C.CCCN1NC(C23CC4C5C6C2C6(Cl)C4C53)C2C3NN3CNC21.CF,0.51,383.94,1.576,3,5
CCC(O)N1C2CC3C4CCCCCCNCC(NC5CCCOCCC5)NC4C3C21,0.5098,434.67,2.42,4,6
CC1CC2NC3NC(NC(C)C4CCC(F)CC4)C(CN)CC3N2N1,0.5093,354.52,0.61,5,6
CCCCC1(O)CCCCCCC2CCCCCCC2CCCC1CCC,0.5085,378.69,8.435,1,1
CCNC1CC1CCCCC1CC2CCCCC3C4CCCCC34CC12,0.5082,357.63,6.568,1,1
CC.CCCC1OC1C1CCC2C(C1)C1C2NCCCC2C3CC4CCCCC4C3C21,0.5079,427.72,6.683,1,2
C.C.CC1CC1CCC1CC2CC3CCC4C5CNC(CC3C12)C1CCCC(C5)C41,0.5077,413.73,7.408,1,1
COC12CC(N(CC3CCCC(C)C3)C3CCC4NCC(C5CNN(C)C5)NC4C3)CC1(OC)C2,0.5076,489.75,2.369,3,7
CC.CC1CC1CCCC12NC13CCC1C(C4CCCN5C6NCNC7NCC(C76)C415)C23,0.5076,439.69,2.692,4,5
COC1CC(OC)CC(N(CC2CC2)C2CCC3NCC(C4CN5CC(O)N5C4)NC3C2)C1,0.5075,463.67,0.613,3,8
CCCC1CCCC2CC3CC3N2CCCCCCC1C12CCCCC1C2,0.5069,371.65,7.196,0,1
CCC12CC34C(NCNC13CC2OC)N1CCN2C3NC5CN5CCCCCCC(C)N3C2C14C,0.5065,485.72,1.306,3,8
COC1CC2C3CCC(NC4CC5C6NC(O)CCCC7CCC(C4N6)C5O7)C2C3C1OC,0.5061,461.65,1.593,4,7
C.C.CC1CC1CCCC1CC2CCNCC3C4CCCCCC4C3C3C4C(N)CC43C12,0.5059,442.78,6.736,2,2
CCCC1OC1C1CCC2CNCCC3C4CCC5CCCCCC5C4C3C2C1CC,0.5058,427.72,6.685,1,2
CCC1CCC2C3OC(F)CCCC3CCCCCCN2C(CCN)C2C3CCC3C2C2CC12,0.5041,474.75,6.548,1,3
C.CCCCS1(CC2CC(C3CC34NCNC3NCCC34)C2)OO1,0.5039,357.56,2.89,3,5
OC1CCC2NC34C(C5CCC67CC68CCCC8C7C5)CC3C(NC3CC5C6CC6C35)C4C2C1Cl,0.5038,495.15,4.56,3,3
C.CCC(O)N1CCCCC(C2C3CC4CC5CN5C4N(CC(CN)CNC)N32)C1,0.5032,422.66,0.951,3,7
CC12CC1CC21NCC(C(O)NC2CCC(OC(F)(F)F)CC2)C2C3C4CCCCC4C3C21C,0.5032,482.63,4.819,3,4
CCCC(O)NC1NC2CCC3C4CC(CC5C6CC7CC7CC56)CCC4C3N2N1,0.503,414.64,3.221,4,5
CC1OC2CCCCC3CCC(C3)CC3CC4CCCCC4C32C12CCC(O)C2,0.5028,400.65,6.498,1,2
CC1(C)CC2CCC(CN3CCCCC3)CC2C2CCC34CCCCNCCCC3C24C1,0.5027,440.76,6.891,1,2
CCCCCCCC1CCCC(C)CC(C)N1C1CCCCC1.N,0.5021,338.62,7.111,1,2
CCC(O)N1C2CCC(C3NC(CC4CCC(OC5CCCCC5)CC4)C4CNCC3C4)C21,0.5018,459.72,4.042,3,5
CC12CCCCNCCCCCCC3CC34CC4CCCCCC(N)CC1C2,0.5015,388.68,6.431,2,2
CS(O)(O)NC12CC1CC(C13CC4C5CC1C51C5C6NC57CC(C7C(F)(F)F)C6C41C3)C2,0.5004,468.59,4.241,4,4
CCCC(CCC1CC1C)C1CC23CC4CCCCCCCC4C4NC4C2C13,0.4998,383.66,6.812,1,1
CCC1NC(C(C)CCC23CCCC(C(N)O)C24C(C3)C2CC23CN34)O1,0.4986,361.53,1.995,3,5
C.CCCCCCNCC1C(NCC(C)O)CCC2CCSC21.CF,0.4974,378.64,4.249,3,4
C.CC1CCC2C3CCCCCCCNCC4C5CCC(N6CCCCC6)CC54C1C32,0.497,428.75,6.745,1,2
C.CC1(C)CC1CC1C2CCC3CCNC4(NC5C6CCNCC5(CN6)C4C(F)(F)F)C31C2,0.4969,468.65,3.883,4,4
CCC(NC1CCC(C2NNN3CNC4NCCC4C23)CC1)C1CC1F,0.4969,366.53,0.83,5,6
CCC(O)N(C)C1CCCCC1C1CCNCCCNC2CC3CC4CCCC4N3C2N1,0.4969,447.71,2.478,4,6
C.CCCCON1CCC2(C34CC5CNC3NCN54)NC12CC,0.4967,323.49,0.811,3,6
CC1CC2NC3NC(NC(C)C4CCC(F)CC4)C(CN)SC3N2N1,0.4963,372.56,0.663,5,7
CCC1C2C1(OC)CC13NCNC4(N5CCN6C(C5)C65NCC6(CCC7CCCCC7)CN65)C1C234,0.496,480.7,1.318,3,7
CC1CC2(CC1CC(N)F)C(CN1C3NC1N1C(CCC4CC4(F)F)C31)C1OC12,0.4954,412.5,2.077,2,5
COC1CC2CCCC3CCCC4C5C6C7CC(C8C6C86CC8CCCNC8C6)C45C2(C7)C31.N,0.4953,464.74,6.066,2,3
C1CNN2CC3CC4CC4C3C2C1.CCC.CCC1CCNC2(CC1)OC2NCCC(C)C,0.4945,462.77,5.132,3,5
CC.CC1CC2NC3NC(CC(C)C4CCC(F)CN4)C(CN)CC3CN2N1,0.4945,398.62,1.536,5,6
CC1CCCC2(C3CC(C(N)O)C4NC5CC(C(O)N6CCOCC6)CCC5C4C3)CC12,0.4938,447.66,2.14,4,6
CCC1CC2(CCN)C1C1CCCC3C1C(CC1C4CCC(C13)C1(C4)NC1C)C1CNN2N1,0.4937,453.72,3.272,4,5
COC12CC(N3CCCCCC(C)(O)C34CCC3NC5C(NC3C4)C3CN4CN4C35)C3COC31C2,0.4929,485.67,0.652,3,8
CC1CC2CC2CCCCNCC12CCCC1CCCCCCCC1C2,0.4927,359.64,6.959,1,1
C.CCCCC1CCCCCCCCC1NC1C(CC)CCC2CCCC21,0.4924,377.7,8.126,1,1
C.CCNCN1CCCCC12C1NC(CCC3CCCC4(C3)C(C)C4(O)CC)C12.N,0.4918,422.7,4.294,4,5
CC(NC1NC2NC3(CC2CC1CN)CC(C)N3C)C1CCC(F)CN1,0.4916,368.55,0.305,5,6
C.C1CCC(C2NNN3CNC4NCNC4C23)CC1.CCCCC1CCCCC1,0.4912,408.68,3.427,5,6
CCC(O)NC1CC2C3C4CC5CC(CC(F)(F)F)CCN5C4C(CN)CCNC23C1,0.4905,444.59,2.441,4,5
CC1(F)CCC2C3C4CNC5CC6CCCCCCN(C(C)(C)O)C(S)CN6CC54C3C21.F,0.4902,485.73,4.052,3,5
CC1C(CC2CC2(C)C)CCCC1NC1CCCCCCCC1C1CCCCC1,0.4901,401.72,8.126,1,1
C.CC.CCC(O)N1CCC2C(C3NC(C4CC56C(C7CCC(C)CO7)CC5C65CC45)C4C3CCN3CC43)C21,0.4901,539.85,4.836,2,5
C.CCCC1CCC2NCCCCCCCCCCC3CCC4CC4C3C2C1C,0.4893,403.74,8.23,1,1
CC(CCC1CC1)CC1CC2CC3CCC4(CCCCC4)C2(CC3)CNCCCC1O,0.4883,429.73,7.1,2,2
CC1CC1C(C)CC1CCCC2CCNC3CCCCCCCCC3CCCC21C,0.4878,415.75,8.374,1,1
CN1CCN(C2CCC(CC3NC4CCCC(CCCC5C6CCC(C78C9C7C98)CC56)C4N3)CC2)CC1,0.4878,506.82,4.947,2,4
C.CC12OC1C2OCCCC1CC2NCCCC2C2C(C1)NC13NCCC1N23,0.4874,390.57,1.409,3,6
CCCC(O)CC(C)(C)NC1OC1CCCC1C2C3NC4CCCC4C2N3C1C,0.4873,405.63,3.218,3,5
NCCC1(N2NCC3CCC4N5CCC6C(O)CC6(N32)N5C42C3CCCCC32)CC(CN)C1,0.487,457.67,0.583,4,8
CCCC1C2CCCCC3CC3CC2CCCCCC1C1CC1CC,0.4866,344.63,7.862,0,0
CC1CCCC2NC(O)NC3CCC(C4CCCC5NNC(C)C54)CC3C12,0.486,376.59,2.326,5,5
C.CCCC1C2(CCC)C3CC4CC5CCCCCCCCCCNCCCC54C132,0.4859,415.75,8.376,1,1
CCC(O)NC12CC(C3CCC(C(N)O)C4NCCC34)CCC1C2,0.4856,337.51,1.145,5,5
C.CC1CCCCC1C1C(CCN)CC2CC3NCCC4C5C6C7CCCCNCC76C45C3CC21,0.4853,481.81,5.69,3,3
C.CC1CCCCCCCC1CCC1CCCC2C1N2C1C2CC3CC3C21,0.4853,371.65,6.907,0,1
CC.CC1CC2NN3NC(NC(C)C45CCC(F)C4C5)C(CN)CC3CN2N1,0.4852,397.59,1.052,5,7
CCC1CC1C(CC)NC1CCC(C2NNN3CNC4NCCC4C23)CC1,0.4845,376.59,1.518,5,6
C.COC1CC2C(C3CCNC4(CC3)C3CC3CCNC3C5CCCC5N34)CNC2(O)CC1OC,0.4842,490.73,2.496,4,7
CCCC1C(C(C)N)CNC(C2CCCCC2C)C1CC(C)C1CCN(C(O)CC)C1,0.484,435.74,4.857,3,4
CC1NCCC1CCO.OC1NC2CSC3CCCC(C23)C1C1CCN2C3CCCC4C1N2C43,0.4838,490.76,2.263,4,7
CCC12OCCCC1C(N1CCC3NC(CC1)N(C(C)CCN)N3)C(C)C2CCC(C)OC,0.4834,465.73,2.907,3,7
COCC1C2CCC(CCN3C(C)C3O)C2(C)C12CC(CC1C3CC(F)(F)OC13)NC(N)C2C,0.4834,483.64,2.995,3,6
CCCC(O)NC1CCC(C2NNN3CNC4CCCC4C23)CC1,0.4831,337.51,1.045,5,6
CCCC(O)N1CC(C2CCC3CNCC4CC4CNC3CC3NCCC32)CN1,0.4831,405.63,1.133,5,6
C.CCC(O)N1CCCC2C1NC13OC(N)C1C(C1CCC4C(COC5CCCC6CCC65)C4C1)CC23,0.4829,515.78,4.513,3,6
OC(NC1NC2CCCC(C3CCC(CCC4CCCCC4)CC3)N2N1)C1CC1,0.4825,404.64,4.043,4,5
CC(CS)CC(CCN)N1CCC2CCC(C3CCC4CCN4CN3)CCC3CCC(C3)N21,0.4822,477.81,4.094,3,6
C.CC1CN(CCC2CCC2)CC2C1C1CCCNNCCCCCCN3CC3C3C4CCC4C23C1,0.4821,498.84,5.792,2,4
CCC1NCC(NCCC2CCCCC2)C2CN(C3CCNC4CC(OC)C(OC)CC43)CCN12,0.482,491.77,2.411,3,7
C.CC1CCCCC1CCN1CCC2CCC1CC2CCC12C(CO)CC3C1CC(O)CC32,0.4815,459.76,6.125,2,3
C.CC1C2CC(NC1N)C13NC4C(CC(CC1CCCCO)C3C2)C1C4CC23CCCC2C13,0.4814,455.73,4.123,4,4
C.C.CCCC1C(C)CCCCCC2CC3CC3CCCCC21,0.4813,322.62,8.108,0,0
C.COC12CC3CCCC14NC(CC1CC5CCN(CCC6C7CC67)CC6C5CC16)N1C(CCCC314)C2C,0.4808,521.83,5.763,1,4
CCC12CCC(C3CC4CN4C3)CN1CC1C(C3CCC(OC)CC3)C3C4CCC(CC2C13)C1COC14,0.4807,508.79,5.31,0,4
CCC1CC(CCN)(N2NC(C3CC(C4CCC5C6C(O)C5N46)CC4NCCCC43)CO2)C1,0.4802,459.68,1.615,4,7
NCCC1(N2CC3C(N2)C2CCC4NCCC4C23)CN(C2CCN(CC3CCCCC4CC4CCC3)CC2)C1,0.4798,538.87,3.674,3,6
C.COCCN1C2C3NC4C(N)C2(N3CC2C3CCCC(C)N(CCF)C5C(C3C)N25)N41.O,0.4796,469.65,-0.558,2,8
COCCC12NCCC3C(CC1OC)C14C2C12NC(CCN34)CNCCNCCCCCCC2C,0.4795,489.75,1.723,4,7
COC1CC(OC)CC(N2CCCNCCCC3C4C5NC6CC(C78CN7C7OC78)C6NC5CCC342)C1,0.4794,513.73,0.903,3,8
CC1CCC2CC(O)CC2CCCNCCC1C1C(O)CC2CCC3CC3CCCCC21,0.4792,445.73,5.783,3,3
CC1CCCC1.CCCCCN1CCC(C2CCCCC3CC4CC4CN3C2)C1,0.4782,402.71,6.596,0,2
CC.CCOC1CC2C(N3CCN(C4CC5CCCCCCCCC5CN4)CC3)NC3NC32CC1OC,0.4781,519.82,3.744,3,7
C.CCC(O)N1CCC2C(C1)C2NC1NCNC2CC21C1CCC(CC2CCCCC2)C1,0.4781,446.72,3.883,4,5
C.CCC(O)NC1CC2C3C4C5C6C7CC8CC8C7OC65CCCC4C45C(OC23C1)C1CCC4N15,0.4781,480.69,3.541,2,5
CCCC1CC(CF)CC2CCNC3CCC(N)CC(NC4C(C)C4C(C)F)N3N1NCC2,0.4777,470.7,3.303,4,6
CCC(CC)NCC1CCC2C3CC4C5C(C5C5(O)CC5)N4N3C2C2CNCC2C1NC,0.4774,443.68,1.41,4,6
CCCCC1CCC2CCCCCCCCCCCCCCC2C1C,0.4772,348.66,8.93,0,0
C.CC1CC2C3CCCCC3CC2N2C3CC4CCCC4CCCC3C12,0.477,357.63,6.517,0,1
CC1N(C)C2CC3C4CNC(NC5CC6C(CN5)NCN5OC65C5CCCC6CC65)CC4C312,0.4764,454.66,1.095,4,7
CCC(O)N1CCCN(CNC(CC2CCCCCC2)C2CC3OC4OC342)CC1,0.4763,407.6,2.513,2,6
NCCC1CCC(N2C(CC3ON3C3CCCCC3)NC3CNC4NCCC4C32)CC1,0.4758,432.66,1.697,4,7
CCCCCCCC1C2C3C4CC5CC6NC6CNN6NC6C53C4C12CC,0.4755,370.59,3.266,3,4
CCC1OC1(CC)CCCC1C2CCC(C3CCCC4N3C3C(CC(O)C5CC5)N43)C1C2,0.4755,442.69,5.142,1,4
NCCC1(N2CC(C(N)O)C3NC4CCC(F)CC4N32)CCN2CC3CCC(C3)C1C2,0.4753,436.62,0.44,4,7
CCCC1NC(CCC)N(CC(C)CCCC2CCCNC2C)N1.CN,0.4751,369.64,3.418,4,5
CCC1CCNCC2C3CCOC4CCON4C3CC3C2C3C1NCN1CCCCNCC2C3CCCCC3C2C1,0.4747,569.88,3.91,3,7
OC(NC1NC2CCCC(C3CCC(CCC4CCC5CC5C4)CC3)N2N1)C1CC1,0.4744,416.65,3.899,4,5
CNC1CC2NCNC(C3CCN4C(C3)CC3C5C6C(CC7CC76)CN5CCNC34)C2CC1OC,0.4743,484.73,0.873,4,7
CCNCC1CCC(NCC23CCC(CC4CCCCC4)CC2C3NCC)CC1,0.4743,403.7,5.109,3,3
COC1CC(OC)CC(N2CC3CC3C23CCC2NCC4(NC2C3)C2N3N(C5CNC6CC6C5)CC234)C1,0.4738,510.73,0.53,3,8
CC1CC2(CCC1N1C(O)NC3C(C4ON4C4CCCN(C)C4)SC4NCCC1C43)OC1CCCC2C1,0.4733,533.78,2.14,3,9
C.CCCCC1CCC2C3CCC4CC4C32CC12C1CCC3CC1C2C1CC31,0.4733,380.66,7.574,0,0
CCC(O)N1CCCC(SC(N)C2(CC)CN3C(CC)CC3CCNC2N)C1,0.4725,413.68,1.725,4,7
CCC1C2C(CC3C4C5CCCC46C2C536)C(OC)CC2NCN1C1C3OC4C5NC6CCCCC6(C3N2)N5CCN41,0.4722,562.8,1.922,3,8
CCOC1CN2C(C)CN(C3CC4C(CN3)CC3CCCCC34)CCNCNCNC2CC1OC,0.4717,492.75,1.588,4,8
CCCC1CC1C1CCCCNCCCC2C3CCCCCCCC3C2CCC1CC,0.4713,429.78,8.622,1,1
CC1CC12CC21CC2C3C4CC(CN)C(CCCCCCCCCN)CC4C2C31,0.4709,398.68,5.595,2,2
CCCC1NC2C(O)CCC(NC(CCC)N(C)C(O)CC)N2C1C,0.4709,356.56,1.632,4,6
CC1CNC2CC2CCC2CCCCC2CC2C3C4CC5CC6CC7CC7C6C54C23C1,0.4708,419.7,6.525,1,1
CC.CCC1CCC(CC2C(F)CC(C(N)O)C3NC4CCCCC4C23)NN1,0.4706,398.61,2.836,5,5
OC(NC1NC2CCCC(C3CCC(CON4CCC56CC5C46)CC3)N2N1)C1CC1,0.4702,417.6,1.709,4,7
CC1CC(CCN)(N2NCC(C3CC(C4CCCNCC4)CC4NCCCC43)N2)C1,0.47,418.67,1.981,5,6
CCC(O)N(S)C1CC2CCNCCCNCCCC2C2CC21,0.4697,341.57,2.256,4,5
COC1CCN(C(CCCC(C)C)C2CCC3NCC(C4CNN(C)C4)NC3C2)CC(OC)C1,0.4696,479.75,2.472,3,7
C.CCC(CN1CC2C3CC4C(CC5CCCCC5)C4C3C2C1C1NN1CCN)N1OC1CC,0.4693,473.75,3.888,2,6
CCC(O)N1CCC2(CC1)CC2N(CC1C2CCC(OC3CCCCC3)CC21)C1CC2CCCNC2C1,0.4692,513.81,5.166,2,5
CCCC1CC2C3CCCCCCCCCCCCCCC32C1CCC,0.469,360.67,8.93,0,0
CN(C1NCNC2NCCC21)C12CCC(CS(O)(O)N3CCC4CC4C3)C1C2,0.469,411.62,1.506,5,7
C.CCC(O)NCCC1CN2C3C4CC4N3C3(C1CC)C(N1C4C5C6CC6C5CN41)N23,0.4688,428.63,1.34,2,7
NCC1CCCCCN(CC2CCC(C3NNN4CNC5NCCC5C34)CC2)CC1,0.4684,419.66,1.192,5,7
C.CCCC(C)NC1NC2C(C3CCC4OC4C3)CC3(C4CCC5CC6CCNCC6C5C4)C2CN13,0.4684,498.8,4.576,3,5
CCC(CN1C2C(C)NC1(N)C2C1CCC2CC3C(CCN3C(O)CC)C21)C1CN1,0.4681,417.64,1.354,4,6
CCC(O)N1CCC(C2CCC3NC3CC(C3CCC(OC4CCCCC4)NC3)N2)CC1,0.4681,448.7,2.953,4,6
CC1CC2NN(CCNCCC3CCC(F)CC3)C(CCCN)CC2N1,0.4679,369.57,1.931,4,5
C.CC1NCCC2CCCC3CC3CC2CCC2CC23CC2CC4CC4C2C1C3,0.4678,397.69,6.916,1,1
CC12NC1CCCCC(O)N2C1CC2C1C1NCNC3C4CCN3N(C4)C21,0.4677,374.53,-0.347,4,7
CCCC(OCC)C1CCCC2CNCCNCCC(N3CCCCC4NC4C3)NCC21,0.4674,449.73,2.549,4,6
CC1CCCCC2C(NC3OC34CCCCCC4)CCN3C4CCN4CCC4CCC4CC23CC1,0.4673,483.79,6.297,1,4
CCC(O)NC1CC2N3C(C1CN)C21CCC2C4CC(C5CO5)N2C431,0.4673,346.48,-0.334,3,6
C.CCC(O)N1CCCC2(C1)NCC1CC3NCCN(C4CCCCC4)C4C3C(S)N1CC42,0.4665,479.78,2.34,4,7
CCC(O)N1CCCC2(C1)NCC1CC3NC4CN(C5CCCCC5C)C45C3C(S)N1CC25,0.4665,475.75,1.702,4,7
C.CCNC12CNC(C1CCCC1CC1C)N2C12CC(C3C4NC5CC6CCCCC6C5C43)C1C2,0.4664,480.79,4.807,3,4
C.CCCC(O)N1CCCC(C2NC(C3CCC(OC4CCCCC4)CC3)C3C(C)CN4OC4C23)C1,0.4664,505.79,5.157,2,6
CC.NC1CC2NNCCCCC(C3CCC(F)CC3)C3CNC3CCN2N1,0.4663,398.62,2.235,5,6
C.CCC(O)N1CCC(CNC2NCCC(N)C2C(C)CC2CCC3CC3C2)CC1C,0.4661,436.73,3.766,4,5
CCC(O)N1CCC(C2C34NC(C5CCC(CC6CC7CCCCC76)CC5)C56C(N)OC35NC246)C1,0.4661,482.71,2.753,4,6
CCC(O)NCCCC1C(CC)C2C3OC(N)C3C34C(C12)C1C2C3C23CC3C14,0.4658,384.56,2.415,3,4
CC(C)C(O)NC1CC2CCC3C4C5CNC6NCC7CCC(C7C65)C4C3C2N1,0.4653,400.61,1.548,5,5
C.CC1CC23C4CC5CCCCC5CC4C4CC4C2C3C1CCC1CNC2C3CC4CC4C3CNC12,0.4653,490.82,6.605,2,2
CC(C)CN1C(CNC(CC2CCCCC2)C2CC3CC(C2)N3C)CNN1CCCN,0.4649,434.72,2.808,3,6
CCSC(O)NC1NC2C3[SH]1C21CC2C4C5CC2C31C4C5,0.4648,324.52,1.288,4,4
C.CCCC1CCCCCC12CC13C4CCCCCCCCC4C1CC23,0.4646,358.65,8.396,0,0
CCCC1C2CCCCCCC3CC3CC2C12CCCCCCCC2C,0.4646,358.65,8.396,0,0
CC1CCC(C2NC3CC4CC4CN32)CCC(C)C(C)C(CC2NCC3C(C4CCCCC4)N23)CCN1,0.4646,511.84,4.983,3,5
NCCCCCC1CC1N1NC2(C3CC(C4C5C6CCCCC645)CC32)C2C(N)OC21N,0.4641,427.64,2.089,4,6
CCC1CC1CCC1C(CC)C2CCCCC3CCCCC3CCCC21,0.4638,358.65,8.252,0,0
CC12C(CCC3CCOC3)C1NC1C3CC4(CC(CNC12)C3CN)CC4OCCCC1CC1,0.4636,457.7,3.318,3,5
COC1CC2NCNC(N3CCN(C4NCC(CC5CCCCC5)CN4)CC3)C2CC1OC,0.4633,464.7,0.952,4,8
CCC1OC1C1CC23C1CC2C31CC2CCNC2NCNNN1,0.4632,319.45,0.044,5,6
CC.CC1CC1CCCC1CC2C3CC4CCCCC4CCCCCCC132,0.4629,372.68,8.642,0,0
CC(N)C1C2C(N)C3CCC2C3CNNC1C12CC(O)C(Cl)C1C2,0.4626,354.93,0.404,5,5
CCS(O)(O)CC1CC2C3N(C4NCPC5NCCC54)C123,0.4623,331.42,1.331,4,5
CCC1CC(CCN)(N2NCC(C3CC(C4CCCC(C5CC5)C4)CC4NCCCC43)N2)C1,0.4615,457.75,4.198,4,5
C.CCC(O)N1CCC(C2CCC(C3CCC(OC4CCCCC4)CC3)C3CC4NN4CN3N2)CC1,0.4612,505.79,4.432,3,7
CCCCC1C2C(C)OCCCC2C2NCC(CNN3CCC3N)CN12.CCCCN,0.4611,438.71,2.078,4,7
CCC1CC(CCN)(N2NCC3C4CC5C6CCCC(C7CN7)N6C5C5NCCCC45N32)C1,0.4609,455.7,1.017,4,7
CCC(CCNC1CCC(CC2CCCCC2)CN1)C12CC1C1(OC)C(OC)CCN1CN2,0.4606,462.72,3.671,3,6
CCCCCCCC1C(C)NC2CCCCCCCCNCC3C4C5CCCCC5C34N21,0.4604,443.76,6.474,2,3
C.CCCC1CC2CCCCCCCC2N1C1CCCC2CC3CC3C2C1CC,0.4599,401.72,8.077,0,1
CC1CC(CN2CCC(C3NNN4CNC5NCCC5C34)CC2)C1O,0.4597,350.51,-0.726,5,7
CN1CNC2NCC(C3CCCC(N)C3)CC21.NCCO,0.4595,299.46,-0.762,5,6
CC(C)(C)C1CC2CC3CC4C5CCCCCCCC6NC6NCCC5C4NN3C(C2)C1,0.4594,442.74,5.053,3,4
CCC(CC)N1CCC(C2CCCNNCC(C3CNN(CCCC4CC4)C3)N2)C1,0.4594,420.69,2.338,4,6
CCNCC1CC2CC3CCC(CN)C3C(OC3CN(C(O)CC)CCC3F)C2C1N,0.4588,440.65,1.706,4,6
CCCC1C2CC3C4C5NCNN5CCN4C3N2C1N1CCCCC(C)N2CNCC3CCCC4CCCCC43C2CC1,0.4585,594.94,3.623,3,8
CC1CC(CCCC(O)N2CCC3CC3CC3CCCCC3C2)CCCCCCCCCO1,0.4583,461.78,7.559,1,3
C.CCCC1CCCCCCCCCCCCCCC2CN2CC1C,0.4579,351.66,7.834,0,1
C.CCC(O)NC(C)CC1ON2NC(NC3CC4C(C3)C43CC3)CN3C4CC4C23C1C,0.4579,433.64,1.994,4,7
CCC(O)CC1CCONCCN2C(CS)CC1C1CC(CC3C4CC(C)CC43)CC1C1CC12,0.4575,490.8,5.022,3,5
CCC(O)NC1CC2CC3(CCC21)CC1C(N1C1CCC(OC2CCCCC2)CC1)C31CO1,0.4574,458.69,4.365,2,5
COCC1C2C3N(CCN2C2CC4C5CCC6C(C5)CC4C6N2)C2NCCC1C23CCOC1CCCC2CCC1CC2,0.4574,578.89,4.689,2,6
CCC(C)CCCCC1CCC2C(C1)C1CNC3NCN4NNC2C4C31.N,0.4569,378.61,2.585,5,6
C.CCCCC1CC12C1CCC3(CCOC4C5CCC(C(C)(C)C)C5C43)C1C21CCCNCC1,0.4568,469.8,7.712,1,2
CCC1NCCCC2CC(C3CCC4C(CC)CC4C3)C(N)C(C(N)O)CCC2CC(C)O1,0.4567,463.75,4.617,4,5
CCCNCC1CCC2C(C1)C1CNC3NCN4NNC2C4C31.S,0.4558,354.57,-0.071,5,6
CC1C2C(C3CCC4C5CCC5C4CN32)N1C12CCC1C13C(CC2)C12C1CCCC4CC4CC1(O)C(C)CC23,0.4556,528.83,5.95,1,3
C.COC1CCCCC1C(O)N1CC12CCC1C(C2)C23C(N)CCNC24N(NC13)C41CCCCC1,0.4554,487.73,2.539,4,7
CC1COCCCCCC12SC1NCCC(NC3CCC(OC4CCCCC4)CC3)C1C2CCO,0.4554,508.81,5.252,3,6
CC1CC2C3CC4CCCCCCCCCCCCC5C(CC6CNC65)C4C23C1,0.4553,397.69,7.204,1,1
CCCCCC1CCC2CC2CCCCC2C3CCCCC3C2C1C,0.4552,344.63,7.862,0,0
COC1CC(OC)CC(N2CCCCCC(O)(F)CC23CCC2NCC(C4CNN(C)C4)NC2C3)C1,0.455,511.73,1.781,4,8
CC1C2CC(C3CNCC4CC5CC5CCC4N3)C3C4NC5CCCCN5C45OC5(N2)C13C,0.4546,453.68,1.823,4,6
CCC1OC2C(CCNC2N2CCN3C4NCC5CC6C7CNCC76C5(N4)C3C2)CC1OC,0.4545,458.65,-0.425,4,8
CCNC1CNC(C2CCCCCC2C)C1C12CC1C(C1CNC3CC4CCCCC4C3C1)N2,0.4545,468.77,4.304,4,4
CCS1(O)N2C3(C)C(CC4CCC5C(C4)C4CCC6NC(CC(O)C7CC7)NN6C54)CC231,0.4535,462.7,3.441,4,6
COC1CC2OCC2C(N(CCCC2CCC34CC3C24)C2CCC3NCN(C4CNN(C)C4)NC3C2)C1,0.4533,514.76,1.783,3,8
COC1CC2NCNC(N3CCN(C4NCC(CC5C6CCCC65)CN4)CC3)C2CC1OC,0.4528,462.68,0.418,4,8
CC1CCC2CC1OC13CC45C(CC14C(C)C23)NCNC5N1CCC2CC3C4CNC2N(CC1)C1CCC(C4)C3C1,0.4527,561.86,3.829,3,6
CC(CO)C1CCC2NC(NC(O)C3CC3)SC2C1.P,0.4521,320.44,1.148,4,5
C.CCC1CCC2(C3CCCCC4CCC5CCCCN4C5CCC3C)CC2C1,0.4518,401.72,8.079,0,1
CCC(CCCCCF)CC1CCC(C2NNN3CNC4NCCC4C23)CC1,0.4515,395.61,3.297,4,5
NC1C2CC(CC3CCC(C4NNN5CNC6NCCC6C45)CC3)CC3C4CN3C142,0.4511,413.61,0.161,5,7
C.CCC(O)N1CCC2C(C1C)C21CC23CC(N)C2C2NC4(CC231)C1CNCC4N1,0.4506,415.63,0.459,5,6
CCC(O)N1C2CC(CC3NCNC4NC34C3CCC(OC4CCCCC4)CC3)CC1C2,0.4504,446.68,3.053,4,6
C.CC1NCCCC1C1CCCCCC12CC1CC3CCC4C5CCNCC5C4C3CC1C2,0.4503,454.79,6.895,2,2
COC1CC2NCNC(N3CCN4C5NCC6CC7CCCCC7C6(N5)C4C3)C2OC1OC,0.4499,462.64,-0.351,4,9
CCCCC(CC)C1CC23C4CCNN(C4C12)C31CCN(C2(CCN)CC(CN)C2)N1,0.4497,430.69,2.411,4,6
C.CCCCC1CCCC(CCC(N)CCCC2CCC(C)NC2)N1CNC.O,0.4495,414.72,4.054,3,4
CCN(CC1C(CCN)C2CC(C(N)O)C3CC4CCC1C(N4)N32)C1CC12CCCCC2,0.4486,445.7,2.06,4,6
CCC1CCCCNC(CCCC2CC3CC3(NCC3CCC4C5CC345)N2)C(C)CC1O,0.4484,443.72,4.426,4,4
CCC1C2CNCC34CC3CNC4CCCCC3CNN(C3)C1(O)C1CCNC21,0.4479,403.62,0.887,5,6
COC1CC2C(C3CC4NCC(C5CNN(C)C5)NC4CC3N2CC2CC(C)CN2)C(C)(OC)C1,0.4477,490.74,0.642,4,8
CCC(CC)N1CC(C2NC(C3CNN(CCCC4CC4)C3)CN3NCCC23)CN1,0.4474,419.66,1.157,4,7
COC1CC(OC)CC(N(CCCC23CCCC2C3)C2CCC3NCC(C4CNN(C)C4)NC3C2)C1,0.4473,503.78,2.759,3,7
CCC(CN1CC1CCCCC1CN(C(O)CC)CC1C)C1NO1,0.4471,339.52,2.414,2,5
C.CCC1CCCCC1C(O)CCC1CCCCC2C1C1C(CCC3NC31)C1N2C12C1CCCC12,0.4464,482.8,6.388,2,3
CC1CC2C(C(F)(F)F)CCC1C21OC2C1NCCC21CC2C(C)C(N)CN21.CNCO,0.446,460.59,1.676,4,6
CC(C)C(O)N1CC2CC3(C1)SNC(C1CCC4OC5CCCCC5C4C1)C3C(N)NCN2C,0.4453,493.76,2.161,4,8
COC1CC(OC)CC(N(CCCC2CCCCC2)C2CCC3NCC(C4CNN(C)C4)NC3C2)C1,0.445,505.79,3.149,3,7
CCCC1CCCCC2CC2C1CC(CC)CC1CCCCC1C,0.4448,332.62,7.862,0,0
CCCCCCCC1C2CC(CC3C4C5CC5CNN5NC5C34)CC12CC,0.4446,371.61,4.952,2,3
CCCC1C(CC2CCC34C2C3C2CNCC3NC324)NC2(C)NC(O)C3(CC3)N12,0.444,399.58,0.533,5,6
COC1CC(OC)CC(N(CCC2C3CCCCCCC32)C2CCC3NCC(C4CNN(C)C4)NC3C2)C1,0.4439,531.83,3.395,3,7
CCC1CC2CC23CCC2CCCC24C3CCCC4C23C(C1)C2C1CNC2C4C5C6C7CC7(O)C6C5C2C143,0.4437,511.79,6.132,2,2
CCCC(O)N1CCC(C2CNC34OC(N)C3C(C3CCC(OC5CCCCC5)CC3)NN24)C1,0.4428,477.69,2.081,4,8
CC1CCC(C2CC3NCCCC3C(C3CNN(C4(CCN)CC(CN)C4)N3)C2)CC1,0.4426,432.7,2.357,5,6
C.CC(F)CC(C)C(C)CNC1CCC(C2NNN3CNC4NCCC4C23)CC1,0.4425,412.64,2.35,5,6
CC1CC2(CCN)C1N1C(CNC3(C(C)C4CCCCC4)C4NC56C(CCC35)N46)CNN12,0.4424,441.67,1.18,4,7
NCCC1CCC(N2C(CC3ON3CC3CC4CCC43)NC3CNC4NCCC4C32)CC1,0.4422,444.67,1.411,4,7
COC1CC2NCNC(N3CCN(C4NCC(CC56C7CCCC5C76)CN4)CC3)C2CC1OC,0.4416,474.69,0.418,4,8
CCC1C(C2CCC3NC3C2)CCCC1N1C(C2CN(C(O)CC)C2)CC2C3CCC(C4CC4)C2C31O,0.4415,511.8,4.427,3,5
CNC1NCC(CCCCC2CC23CC3)C2C3C(CN12)N3C1CCN2C(C1C)C21C2COC21C,0.4414,467.7,2.056,2,6
C.CC1CC1C1CC2CCC3CC3C2CC1C1CCC2CC3CCCCC3C2C1,0.4409,396.7,8.21,0,0
CC1C(CCCS2(C3CCC(N(C)C4NCNC5NCCC54)C3)OO2)N1C,0.4408,399.61,1.33,3,7
C.CCC1CCCCCCCC2CCCCCC2CCOC(C)CCCC1,0.4408,380.7,8.945,0,1
CC(C)CC1C2CCC(O)CCN(C3NCC4C5C3N4C3NCNC4NCCC453)C1C2,0.4404,430.64,0.278,5,7
CCCC(CCC1CC1C)C1CC23C1C21CCC2C4CCCCCCCC42C13,0.4397,380.66,7.862,0,0
C.CCC(CCCC1(C)CO1)CCC1CCCCCCCCCNNCC1C,0.4395,396.7,6.869,2,3
CCC1CC(C)C2C3C4CCCC(F)C4C3C(C(O)NC3CCC(OC(F)(F)F)CC3)CN12,0.4394,476.6,4.861,2,4
C.CCC1(CCCCC2CCCCCCC3CC3CCCC3CC3CN2)CC1C,0.439,403.74,8.374,1,1
C.CCC1CCCCNC2CC3CCCC4CCCC5CC45CCCCCCC3C2C1,0.4389,429.78,8.764,1,1
CCN(C)CCC1CC2C(C(O)NC3CCC(OC(F)(F)F)CC3)CN3C4C(O)CCCN4C3C12,0.4387,504.64,2.39,3,7
C.CC(CCC1OS1(O)N1C2CC21C)C12NNN3CNC4NCC1C4C32,0.4387,384.55,0.518,5,8
C.C.CC1CCC2C3CC3C3C(CCC1CC1CC1C1C4CCCC41)C1CC1CC23,0.4386,410.73,8.312,0,0
CCC(O)NC1CCC2(C1)NC1C3CC3C(C(N)C1C1C3C4CC(O)N3C41)C2C,0.4382,402.58,0.434,5,6
COC1CC2(OC)CC3(C1)C2C1CC2NCC(C4CNN(C)C4)NC2CC1N3CC1CC2CC2N1,0.4379,486.71,0.149,4,8
C.CCCCC1CC2CC2CCC2CCCCCCCCC2CCC1CCC,0.4378,390.74,9.812,0,0
NCCC1(N2CCC(C3CC(C45CCC6CC4CCC65)CC4NCCCC43)N2)CC(CS)C1,0.4375,472.79,4.213,4,5
CCC(CC)N1CC(C2NC(C3CNN(CC4CC4OC)C3)CN3NCCC23)CN1,0.437,421.63,0.002,4,8
CCCC(C)C(C)C1CCCCC2CC3C4CCCCC4CCC3C2C(C)C1.F,0.4369,406.71,8.896,0,0
C.CN1CC2C3C1C1CCC(N4CC(C(N)O)C(C5C6CCC(Cl)CC65)N4)CC3N2CC1,0.4368,466.11,1.914,3,6
CNC1C(CCCCCC2NC2CC2CC3CC23)C(C)C2CNCCC21,0.4367,359.6,3.403,3,3
CCCC1OC2C(C3CC(C4CCC(OC5C(C)CCCC5F)CC4)C4C(N)NNC(O)C34)CCN12,0.4367,508.72,3.472,4,7
CC(CC1CC1C)NC(C)N1CC1C1CC1.CCCC1CCC2CC1N(C(O)CC)C2C,0.4365,447.75,5.455,2,4
CC1(C)CC(CCN)N2CC3C(N2)C(N2CCCC4NNC42)NC31.CCC1CCCCO1,0.4361,449.69,1.1,5,8
NCCC1(N2CCC(C3CC(C4CNCC5CC54)CC4NCCCC43)N2)CC(CN)C1,0.436,430.69,1.272,5,6
CCC1CCOCC1C1CCCNC2CC3CN(CCC3C2C)CNC1NCC1CC2CCCCN2CN1,0.4359,530.85,3.032,4,7
C.CCCCC1CC2CC(C3CNN(C4(CCN)CC(CF)C4)N3)C3CCCCC13C2N.O,0.4358,469.73,3.308,4,5
C.CC1CC2C3CNCC4CN(C)C(C)C4CCCCC32C2C3(C1)NCCC14CC5CC6(C)CC56C1C243,0.4357,505.84,5.799,2,3
C.CCCCCC1CC2C(C)CCCCCCCCCCCC1CC2C,0.4356,364.7,9.422,0,0
C.CC1CC1(O)N1CCC2C(N3NC(C4CCC(OC5CCCCC5)CC4)C45C(N)NCN4C35)C21,0.4355,488.72,1.747,4,8
CC1CN2CC(C3CCNCC3)C3CNN(CC32)C(O)C1C1CCC(Br)CN1.Cl,0.4353,492.93,1.244,4,6
CC1(C2(C)C(N)CC3N(C(S)CCN)N2C32C3CC4C(C5C6COCCN65)C4C32)CC1,0.4352,445.68,1.116,3,7
CCCC1CC12CC(C1CCCCC3C(CCC4CCC5CC5C4)C3C1)C2C,0.435,382.68,8.108,0,0
CCCCCCCCC1CCCCCCCCCCC(C)C1.O,0.4345,326.61,7.469,0,0
CCC(CCN)N1NCC(C2CC(C34CCC(N)C3C4)C3C4CCN2C3N4)N1,0.4345,389.59,-0.057,5,7
C.CCC(O)N1CCC(COCCCNC2CC2C2CC3CC4CCCCC4C3C2)C2CC21,0.4344,460.75,5.299,2,4
CC1CCN(C2CCC(NC3NCC4NCC(O)N5C6CCC7C8C7C86C45N3)CC2)CC1,0.4339,442.65,0.422,5,7
CCC1CCC2C(C1)C1CCCCCCCCCC34CC5CNCCCCC5C3C4CC12,0.4336,439.77,8.232,1,1
CC.CCN1CCC1COC1CNC2NC3CC4C(CN3)C3C(C)C3(C3CCCCC3)C4CCCCC2C1,0.4333,528.87,5.605,3,5
C.CCC12CC(C3NC(C4CCC(OC5CCCCC5)CC4)C(C(N)O)C3C)CN1O2,0.4333,437.67,3.774,3,6
CC(C)N.CC1CCC2(N)C3CCC4C(CNO1)C2N4N1CC31.CCCl,0.4332,388.0,1.678,3,6
CC1CC(CN2CCC3C(C2)C2CC4C(NCN5NNC3C45)N2)C1O,0.433,348.5,-1.118,5,7
CCC(O)N1CCCC(CCC2CCNCC(CNC3CCC(CC4CCCC4)C3)C2)C1,0.4328,447.75,5.161,3,4
CN1CCCC(N2OC2C2SC3NCCC4C3C2NC(O)N4C2CCC3(C)OC4CCCCC4C34N(C)C24C)C1,0.4327,574.84,1.576,3,10
CN(C1NCNC2NCCC21)C1CC23CC12CCCCS(O)(O)N3,0.4327,357.52,0.671,6,7
CCCC1OC23CNCC45C(C6CCC(OC7CCCC(OC)C7F)CC6)NC6(C7(CCN(C8OC8CC)C7)C246)C135,0.4323,571.78,3.546,2,7
CCCC(C)NC1NCC2C(C3CCN(C4OC45CCCCCC5)CC3)CC(C3CCC4OC4C3)C2N1,0.4321,514.8,4.591,3,6
CCC(O)N(C)CCC(F)C(C)OC1C2CCCCC2NC2C3CC4C56CC7CC7N5C46C321,0.4318,459.65,2.914,2,5
CCC(CCNC)CN1CCC(C2NNN3CNC4NCCC4C23)CC1,0.4315,365.57,-0.108,5,7
C.CCC1CC(F)CCCCCC1CC1C2C(NCCC(CC)C3(F)CO3)N2C12C1CNC2C1,0.4315,481.72,5.42,2,4
CCCC1CC1C1CCCCCC2NCCC(CC3CCCCCCC3)C2CCC1CC,0.4312,443.8,9.154,1,1
CC1CCCC1CCCC1C2C3CCC(N4CCC5C6CCCCC6CC5C4O)C(CO)C3C2CN(C)C1O,0.4312,542.85,5.189,3,5
C.CCCCCCC1CCCCCCCCCCCC1CC,0.431,310.61,8.54,0,0
CCCCCCCC1CC2C3CCCCCCCC3C12CC,0.4306,304.56,7.37,0,0
C.C.CCC(O)N1CCCC2C1C13C(N)CN4C5N4C51C2NC3C1CCC(C2CC2CCC2CC2C)CC1,0.4306,527.84,4.239,3,6
CCN(CCCC1CCNCCC(OC)C(O)CC1)C1NCC(CC2CCCCC2)CN1,0.4304,452.73,3.307,4,6
CCCC1N2CCC(CCCC(CC)C3CCCCCCCCC3(C)N)C3CC312.CN,0.4301,433.77,6.489,2,3
N.OC1CC2CCCCCCCC(C2)C1CC1CC12CC1C3CCCCCC2C1C1(CO1)N3,0.43,458.73,6.207,3,4
COC1CC2NCNC(N3CCN(C45NCC(CC6CCCCC6)C4N5)CC3)C2CC1OC,0.4298,462.68,0.704,4,8
CC1CC1NN1NC2CCCCCCCNCC2C(NC2CCC(O)CC2)N1,0.4297,394.61,1.372,6,7
CCC(C)CC1C(CN)CCCCCC2C(CCCC3CO3)CC(CCC3CNN1N3)C2C,0.4294,462.77,5.261,3,5
CC1(CO)CCCC2C3CC4C5C(NCCC5C45CNN(C4(CCN)CC(CF)C4)N5)C3C21,0.4294,461.67,1.806,5,6
CCCC1CC23C(CC1OC)NCNC2N1CCN(C2CCC(CC4CCCCC4)CN2)CCC13.CO,0.4291,519.82,3.337,4,7
C.CCCCC1NC2NCN3C(C4CCC5CC6CCNCC6C5C4)CC(CC1CC1CO1)C3N2,0.4288,487.78,3.692,4,6
CCC(O)N1CCC(C2CCC(C(N)O)C(C3CCC(OC4CCCCC4)CC3)N2)CC1C,0.4284,465.72,3.737,4,6
CCC(O)N1CCC2C(N1)N2C1C2NC3CN3CC2CCN2C3NC4CC42C13,0.428,387.53,-1.69,4,8
CC(C)NNCC1(C)CN2NCCCCC(C)C21.CCN(C)OC1CCN2CC2C1,0.4279,424.68,2.22,3,7
C.CC(CCCC1CC2CC12C)C1OC12NCCC(NC1NCCC3C4CCCCC4C13)C2C,0.4274,471.77,5.53,3,4
COC1(C)CCC2NC(C3CC4CN3N(C(CCN)CC(C)CN)N4)C(C1)C21CCCCO1,0.4271,464.7,1.352,4,8
C.CCC1ON1NCC1CC12C(C)CC1NNCCC3C1C(C1CCC(OC4CCCCC4)CC1)CN32,0.4267,517.8,4.6,3,7
CCC(C)CCCCC1CCC23CC2C(NC2C(C(O)CC)CNC4CCCC42)CCN13,0.4265,445.74,4.706,3,4
CC1C2CC3C4C(C12)N3C1OC41NC1CC(CCCCC2CCCOC3CC23)C(N)N1,0.4264,428.62,2.193,3,6
CCC.CCC1(C)N2CCCN(C3C4C5CC(C6(O)CC6)CC4N5C3CC(N)N)C(C)CN21,0.4263,462.73,2.144,3,7
CC(C)CCC1CC2C1CCC1C3CCNCCCCNCCCNCCC(O)NCCC3C21,0.4263,476.79,3.978,5,5
CN(C1CC(NS(O)(O)C2CC3CCCC32)C1)C1NCNC2NCCC21,0.425,385.58,1.305,6,7
CCC1CCCCC12CC(C)C13C(CC14C1CCCCCC(C5ON5C5CCCN5C5OC5C)C1NC(O)N43)O2.CO,0.4247,588.83,3.74,3,9
CCC(O)NC1CCCC(C2CCC(C(N)O)C3NC(C4CCCCC4)CC23)C1C,0.4245,421.67,3.34,5,5
CC1CC1CCCCC1CCC2C3NC(CC4CC5C(C4)C5C4CCCCC4)NC123.CN,0.4243,441.75,5.686,3,3
C1NC23CC2(CN3)N2C1CC1C2C2NCN3CC123.CCC1CCOC23CCCCCC(O)C2C13,0.4243,469.67,0.831,4,7
C.CCCCC1CC2C3C4C5CCCC5CC(CC5C6C5C57CC5C67)C4C23C1CC,0.4242,406.7,7.675,0,0
CCC(CCC(C)CC1CC1)N1C(O)NC2C(C3ON3C3CCCN(C)C3)SC3NCCC1C32,0.4238,493.76,2.618,3,8
C.CCC(C)CC1CCNC1CCCC12CCC3CCCC3CCCCCCC1C2C,0.4237,431.79,9.01,1,1
CCC1NC(C2CCC2C2CC(CCC34CN3C4CN)NC2C2COC2N)CCCO1,0.4236,433.64,0.971,4,7
CC1CC(C2NCC34C(CNC3C3C5C(C(O)C56CCCC(OC5CCCCC5)CC6)C34)N2)CN1,0.4235,484.73,2.365,5,6
C.CC1CCCCC2CCCCCCCCCCCC2CC1,0.4232,308.59,8.15,0,0
CCN1CC2CC3CC4(C3NNC(CCN)C3N(CN2)CC31C)C1C2CC3CC31NC24C,0.4232,441.67,0.041,5,7
C.CCC(O)NCC1CCCC(CCC2CC23CN3CC2C(C)OC2N)C1,0.4231,381.61,2.921,3,5
NCCC1(N2CCC(C3CC(C4CCC5NC5C4)CC4NCCCC43)N2)CC2CNC21,0.4229,428.67,1.18,5,6
C.CCCC(C(C)C1CC(C)C1)C1CC2C1C1CCCCCC3CCC4CC4C3C12,0.4227,412.75,8.846,0,0
CC1C2C(O)CC3C(N4CCN(C5NCC(CCC6CCCCCC6)CN5)CC4)CCN4C3C124,0.4226,471.73,2.289,3,6
CNNN1C(C2CCC(NC3CCC4C(C)C34)CC2)C23CCNCN2N13,0.4225,361.54,0.597,4,7
CC.CC(N)CCC(NCCN(C)CC1C2CN(C)C12)N1CCNC2(C)CC23COCC3CCO1,0.4225,494.77,1.57,3,8
C.C.CCCCCCC1C2CCCCCC2C1CC1CC1C,0.4222,308.59,7.718,0,0
NCCC1(N2NCC(C3CC(C45CCCC6C4CCC65)CC4NCCCC43)N2)CC(CN)C1,0.4215,456.72,2.357,5,6
CCC1CC(CCN)(N2NCC(C3CC(C4CCCCC5CC5N4)CC4NCCCC43)N2)C1,0.4213,458.74,2.903,5,6
CCC1CC(CCN)(N2NCC(C3CC4C5C6C(C(C)N)CCC5C5(NCCCC35)C46)N2)C1,0.421,456.72,2.211,5,6
C.CCCCC1CCCC2CCC34CN3C4C2C1C1CCCCCCCC1CC,0.4207,401.72,8.079,0,1
CC(C)C1NN2CCC3C4C(CN(CCCNC1CCN)C3(N)C2)C12C4CC3(N)C1C32,0.4201,429.66,-0.272,5,7
CC1CNC1C1CCNC2(CCC3CC4C5CCCC4C35C2)NC2CCC(CCN)CC2C1.N,0.42,471.78,4.412,5,5
CCC(O)NC1CCCC(NCC2CNCC2C2C3CC(OC4CCCCC4)CC32)C1,0.4198,433.68,3.415,4,5
OC(NC1NC2CCCC(C3CCC(CNC4CCCCC4)CC3)N2N1)C1CC1,0.4196,405.63,2.605,5,6
CCC(O)NC1CCC2C(CC1C)C13CC(C(N)O)C4NC1(C1CCCCC1C)CC4C23,0.4194,445.69,3.195,5,5
OC(NC1NC2CCCC(C3CCC(CNC4CC5CCC54)CC3)N2N1)C1CC1,0.4194,403.62,2.071,5,6
CC1CCCCC1C12CC(CCC3CCCC4CCCCCCCCCC43)C1CC2C,0.4193,426.77,9.812,0,0
CCC1CC(C)CCCC2CC34CCNCCCCCCCCC3C4C12CCC1CCCCC1C,0.4193,483.87,9.792,1,1
CC1NCC(NC2NCNC3CC34CCCC3C(N2)C(C2CC2C)CCCC34)CN1,0.4191,416.66,1.507,6,6
NCCC1(N2CCC(C3CC(C4CCCC5CNCC54)CC4NCCCC43)N2)CC(CN)C1,0.4185,458.74,2.052,5,6
CN1CCCCCCCCCC2C(C3CCCC4(CC4)C23)C2C3CCC(CCNCC1)C2C3,0.4184,454.79,7.137,1,2
C.CC1CC1C1CC(C)(CC2CCC(CCC3CC4C5CCC6C(C(C)C5)C3C46)C2)O1,0.4181,426.73,7.977,0,1
CC1NC2CCCC(CCCCCCN3CCCC(C4CC4)C3)C3CC(C4CC5COC(O)N(C5)C4)N(C2)C13,0.418,542.85,4.523,2,6
CC.CCCCC1OC12CCCC13CC4CC5NC4C4C(C1N5CC32)C41CCC2CCC3CC3CCC21,0.4177,506.82,7.001,1,3
CCC.CCC1CCCC2CCCC(C2)C(CC2(C)CC2C)CCC2(CCCN2C)CC1,0.4177,445.82,9.496,0,1
C.COC12C3C4CC5(O)CN6C7CCCCCCNC6N4CCCC7C54CN5NC35C41CC21CC2CCCC(C2)O1,0.4176,567.82,3.013,3,8
C.CCC(CC)NCC(CC)C1CCC2NC(NC(O)C3CC3F)SC2C1,0.4176,403.65,3.85,4,5
C.CC1C2CCC3CC45NCC67C8CC8C6C7C4NCC5C(O)NCCC31C2N.CCCC,0.4174,458.74,2.932,5,5
CCC1CCCCCCCCCCCCCCCC2CC2CCCCC(C)C1,0.4174,390.74,10.1,0,0
CCCCC1CCCCCCC2CCCCCCC3CCCCCCC3CCCN2CC1,0.4174,445.82,9.929,0,1
CC.CCS1(O)CC2CCCCC(N1)N(C1C(C(N)N)CN3CCC(C)(C)CCCC13)CC2C,0.4173,499.85,4.795,4,6
CCC(F)C1CN2N3C4C(N5CCC6CCC(C5)N(CCCN)N6)C2(C)C3(C1)C4C(C)N.CN,0.4173,480.72,0.479,4,8
C.C.CC(C)C1(O)NCC12CCN1NC(C3CCC4OC5CCCCC5C4C3)C3C(N)CC31N2,0.4172,477.74,2.545,5,7
CCCCNC12CCC3(CNCC4C(C)CCCC4C1C3)C(NC1CCC(O)CC1)N2,0.4167,432.7,3.337,5,5
CCCCC1CCC2CC1(CCC)NCC1CNCCCCC3ON(C)CCC3NCCCC1CCN2,0.4167,519.86,4.847,4,6
C.CC1(C)CC12CCCC1CCCC(CC3C4CC56CC7CC5CCCC7C346)C1CC2,0.4165,422.74,8.888,0,0
CC1CC(C2CNCC(C(O)NC3CCC(OC(F)(F)F)CC3)C2)CNC1N.Cl,0.4161,444.97,1.92,5,6
CCC(O)NC12CCCNCCCC(CC3CCC(CC4CCOCC4)CC3)NCCC1C2,0.4161,463.75,4.588,4,5
C.CCCCCCNCC1CCC(C2NNN3CNC4NCCC4C23)CC1,0.4161,380.63,2.157,5,6
COC1CCCCCCC2C(CCCC1)C1CC34CC5CC6CC6C5CCCC3C4C21,0.4158,424.71,7.877,0,1
CCC(O)NC1CCCC(CCCC2CC3C4NCCC5NC5C34C2)C1,0.4158,361.57,2.762,4,4
CC1CC2NN3NC(CC(C)C4CCC5(F)CN45)C(CN)CC3CN2N1,0.4156,367.52,0.122,4,7
C.CN(C1CCC(CS(O)(O)N2CCC3C4C5C6CC6C34C52)CC1)C1NCNC2NCCC21,0.4147,479.74,2.777,5,7
CCCCC1CCCNC1NC1CCCC(C2CCCN(C3NCNC4NCCC43)C2)C1,0.4145,446.73,2.775,5,6
NCCC1(N2NCC(C3CC(C4CCCCCC4)CC4NCCCC43)N2)CC(CN)C1,0.4144,432.7,2.501,5,6
CCCC1C2CCC(NC3CN(C4CC5CNC54CN)C4C5CNC5(O)C34)CC2C1(C)F,0.4142,447.64,0.799,5,6
CCC1CC2C3N2CC2C(C)NC4CCCC(C56CC5N6)C4C2N3C2NC2CC1C1CCCCCC2CC2C1CC,0.4139,561.9,5.165,3,5
C.C.CCCC1CCC(O)CC1CCCN1C2(CCC)CC3CCC4CCCC4C312,0.4131,419.74,7.439,1,2
CC.CCC(CC(C)CC1C2C3NN3CNC23N(C2CCCN(C(O)CC)C2)N13)C1C2CCCCC21,0.4123,502.79,3.976,3,7
CC1CCCCCCCCCCCCCCCC2C3C(CCCC1)C23,0.4119,346.64,8.54,0,0
CC1CCCCCC(C)C(C)(C)C(N2C(O)NC3C(C(O)N4C5CCN(C)CC54)SC4NCCC2C43)C1,0.4114,535.84,2.684,4,8
CC1CCCC2C3CC2C3CC2CC2CCCCCC1C1C2CCCCCCCC34CC13C24.N,0.4109,465.81,9.44,1,1
C.CC1C2CCCCC2CN2CCN3C(CC4CC5C6C(CC(C)C7(C)CC8CC89CC9NC67)C5C5COC453)C12,0.4109,547.87,5.865,1,4
CCC(O)N1CCCC(CC2C3CCNNNN3CN3CC4CNC(C5CC5)(C4)N23)C1,0.4106,434.63,-0.007,5,9
CC1CC2CNCC3C(CCCCCC4(CCCCCCCC4)CC23)CCCC1CCC1C2CC12C,0.4106,495.88,9.792,1,1
CC1CCNC23NC(NC4CCC(O)CC4)C4C5OC5NCCCCCCC2N4N13,0.4104,420.6,0.393,5,8
C.C.CCCCCCOCCCCC1OC1C1NC2CC3CCC2C31,0.4103,353.59,5.18,1,3
COC1(O)CC(CC(CCCC2CCN(CC3CCCCC3)CC2)CN2CCNC3CC32)N1,0.4102,462.72,3.156,3,6
C.CC(CCC(O)CCNC1CC2C(C1)N2CC1C2CNC3NCC2C31)C1CC1C,0.4102,418.67,2.262,4,5
CN1CC2C3CCCC4CCCC5C6CC7CCC(CCC8CC9C%10CC89%10)CC7C6C5CC43C2C1,0.4099,473.79,7.505,0,1
CCC1CCCCCCCCCCC12CC1CCCCCC2CCCC1CCC1CCC2CC2C1.N,0.4098,499.91,11.679,1,1
C.CCCCCCCC1CCCCCCCCCCCC1CC,0.4098,324.64,8.93,0,0
CC.CCC1CC2CCNCCCC2CC1N1CC(C(N)O)C(NC2CCC(F)CC2)N1,0.4097,455.71,3.117,5,6
CCC(O)NCC1CCCC2C3C(CC1)CC(CC1CCC(OC4CCCCC4)CC1)C23,0.4094,445.73,6.681,2,3
CNC1CC2C3(C1)C1CCC4CCCCC5CCC(CC6C7CC8CCCCC8CC8CC876)C5CC4C123,0.4087,501.84,8.476,1,1
C.CC1CCCCCC2CCCCCC2C2C(C1)C13CCCCCC1C23,0.4086,358.65,8.252,0,0
CC.CCCC1CNC(O)C2C(CNCCC3C4C(CC5CC6CCCCC6C5)C5C(C)COC(NC24)N35)C1,0.4085,544.87,4.78,4,6
CC1CC2NN3NC(NC(C)C4CCC(F)CC4)C(CN)CC3NN2N1,0.4081,370.52,-0.122,6,8
CC12CC3CC4CC4CCCCCC3C3CCCC4CCCC4CCC1C32,0.4079,368.65,7.862,0,0
CN1CCC2CCCCCC2CCCCCC2(O)NCCC(NC3(O)CC34CCC3C4C4C5CC534)C12C,0.4075,511.8,4.622,4,5
CC1CCCCCCC2NC(O)C(CCC3(CC4NCCCC4C)CCCCCC3)C2C1,0.4074,446.76,6.788,3,3
C.CCCC1C(CCN2CCC2O)CCCC2NCNNNC21.I,0.4074,455.43,1.768,5,6
CCN1C(N)CC2(C)NNCC3CCC(C4CCC5(N)CN45)CC3NCCCN12,0.407,406.62,-0.065,5,8
NCCC1(N2CC(NC3CCC(F)CC3)C(C(N)O)C2)CCN(C2C3CCN4C3CC24)CC1,0.4069,464.67,0.463,4,7
CCC(O)NC1CC(C2C3C(NCC(N)CC4CCCCOCC4)CC4CC4C23)CC1C,0.4069,447.71,3.504,4,5
CCC(O)NC1CCC(C2C3C(C4C5CC(CCC6CCCC6)C54)C4C56NC5C34C26)C1,0.4067,422.66,4.158,3,3
CC1NC2NC23C2NC([SH]4CCCC4C4CCCC(F)C4)CCN2CC3C1(C)C,0.4067,424.67,2.942,4,4
CCC(O)N1CCC2(CC(N3C(NC(O)C4CCC(C5CC6C7C8C5C678)C4)NC4CCCCC43)C2)C1,0.4066,496.74,2.906,4,6
C.CC1CCCCCCCCCCCCCCCCCCCCCC1,0.4065,352.69,9.854,0,0
CCC(O)N(CC)C1CCC(CC(N)N2CCCC(NCCC3CCC(F)CC3)O2)CC1,0.4061,456.69,4.132,3,6
CCC1C2CC(CC3CC(C)CC(C4CCC5OC6C7CCC(C8CC8)CC7CCN6C5C4CO)O3)CC12.F,0.4055,545.82,6.655,1,4
C.CC(N)CC(C)CC1CC2CCCCC2N1C(C)CC1CC2C(CC(F)(F)F)CNCCC12,0.4046,487.74,6.612,2,3
C.CCC(O)N1CC2C3C4OC4C4(C5(C)CC6CC7(CN8C9C8C97)C5(C)C6CC)CCC5C6CC6C5C4C3C21,0.4039,532.81,5.102,1,4
CC.CCCC(O)N1CCC2C3C1C1C4N1NC(C)C21C3NC2C3CCC(CCC5CC5CCF)CC3C241,0.4035,528.8,4.56,3,5
C.CCCC(O)N1CCC(C2N3NC(C45CCC(OC6CCCCC6)C4C5)C45C(N)NCN4C235)C1,0.4033,488.72,1.748,4,8
COC1CCC(COC2CC3NCC4C(CCC5NCC(N6CCOCC6)NC54)NC3CC2OC)CC1,0.4031,521.75,0.683,4,9
CC.CC1CNN(CCCCC2C3OS23C)CC(CCC2CCCCC2N)CN1,0.403,428.73,3.983,3,5
C.C.CCC1C(CCCC2CCCCCCS3(C2)OO3)CC2CNCCC21,0.4029,401.7,6.877,1,3
C.CCC(C)NC1CCC2CCCNCC(C(C)C)CCCNCCC(O)NCC2C1CC,0.4026,468.82,4.755,5,5
C.CCC1CC1C1CCCCCC2C(CC1)CN(C1CCC(C3C4CC5CC5C43)CC1)C1CC21,0.4025,465.81,8.426,0,1
CC1CC(CC2CC2)CCC1N1C(O)NC2C(CONC3CCCN(C)C3)SC3NCCC1C32,0.4025,493.76,2.176,4,8
CC1CCC(CCCC2C3CC4C5CC6CC6C5C4C23)C2C1CCCCCC1CCCCC12,0.4023,448.78,8.99,0,0
CCCCCCCCC1NC(N2C3CCC(N4CCCCC4)CC32)C2CC1CCC2O,0.4021,431.71,4.903,2,4
CC1CC2C(N1C)C2(CNC1CCC2CC(CCCCC3CC4CC34)NCCC2O1)C12C(C)NC3C4C1C342,0.4017,520.81,3.981,3,5
CC1NCC(NC2NCC3C4CC(C5OC56CCC5CC56Cl)C2N34)CN1,0.4017,379.94,-0.217,4,6
CCC(O)N1CC(N)C2C34C5C6C(C)NCC(CC53C214)C6(N)O,0.4014,320.44,-1.382,5,6
C.CCC(O)NCC1CCCN(C2CCC(C3NO3)C3C2C(C)C2CN23)N1,0.4012,381.57,0.868,4,7
CCCCON1CCC2N3C4C5C(CNCCCN6C7CCCC6C7C)CCC5N4C23CC1,0.4011,457.71,3.097,1,6
C.CC1CCC2CCCCCCCCCCCCCCCCCCC2C1,0.4009,364.7,9.71,0,0
CCCCCC1CC23C4CCCCC5CCCCC6CC56CC42C3CNC1NCO,0.4007,414.68,5.435,3,3
C.CNCCCC1CCC2C3CCNCC4C(CNCCC(O)NCCC3C2C1C)CC1CC14,0.4006,476.79,3.69,5,5
COCCCCCCC1ON1CC1CC2C3(C4CC(N)C25C3N2C3CCCCC3C25N4)C2CC12,0.4005,468.69,3.071,2,6
CC1CC2C3CC45C(CCC4N5CCC45CC6C(CNCC4C5)[SH]4CCC(C57CC5C7)CC64)N3C2N1,0.4004,508.82,3.562,3,4
CCCC(C)NC1NCC2C(C3CCN(C4OC45CC4CC4C5)CC3)CC(C3CCC(O)CC3)C2N1,0.4002,500.77,3.65,4,6
COC1CC(OC)CC(N2CC3CC3C23CCC2NC4C(NC2C3)C2CN(CCNC3CC3C)NC24)C1,0.4001,514.76,0.927,4,8
CCCC1C2C3CCC4CCC(C3CC2C2CC(C(C)(N)O)NCN21)N(CCCN)N4,0.4,434.67,1.175,5,7
